transaction_id,timestamp,amount,currency,transaction_type,country,city,latitude,longitude,ip_address,timezone,user_id,device_id,device_type,operating_system,app_version,user_agent,avg_spend_30d,transactions_last_7d,time_since_last_login,login_attempts_last_24h,is_new_device,vpn_usage,proxy_usage,ip_risk_score,ASN,ISP,is_fraud
48960,2025-02-04 12:52:07,695.18,USD,PURCHASE,ME,East Stephanie,-70.679060,-114.277636,84.90.192.145,Africa/Banjul,1543,b32da261-023c-4f1d-8915-97ca032ea034,Desktop,Windows,5.9.3,"Mozilla/5.0 (Macintosh; U; PPC Mac OS X 10_9_8 rv:2.0; niu-NU) AppleWebKit/534.16.2 (KHTML, like Gecko) Version/5.0.4 Safari/534.16.2",231.03,5,4.8,5,1,1,0,92,1257,Huerta Ltd,1
154965,2025-02-22 12:56:59,4.06,GBP,PURCHASE,NP,Serranohaven,-41.562146,-106.373357,75.153.22.99,Africa/Khartoum,12952,65701c75-f741-42eb-b700-1bebe018793e,Desktop,Windows,3.0.5,Opera/8.22.(X11; Linux i686; raj-IN) Presto/2.9.182 Version/11.00,182.94,5,16.2,1,0,0,0,39,42548,Shea and Sons,0
83517,2025-02-15 06:09:28,682.64,JPY,TRANSFER,CF,Tinaborough,-82.621728,-28.776161,200.106.68.240,Asia/Dhaka,23152,7926bc87-cea0-41b2-a0d9-2da9aba77bb5,Desktop,Android,6.6.1,Mozilla/5.0 (Android 2.2; Mobile; rv:10.0) Gecko/10.0 Firefox/10.0,132.26,4,11.7,0,1,1,0,84,12626,"Stokes, Gutierrez and Frank",1
94927,2025-02-15 04:52:52,39.68,EUR,WITHDRAWAL,KM,Teresaburgh,-26.640429,123.738976,192.181.149.255,Africa/Monrovia,46606,e5d26f43-07e7-426e-9b01-5e2ddfd026ea,Tablet,macOS,6.8.7,"Mozilla/5.0 (Windows; U; Windows 98) AppleWebKit/531.45.3 (KHTML, like Gecko) Version/5.0 Safari/531.45.3",118.01,7,73.9,0,0,0,0,46,76205,"Hall, Williams and Mcintosh",0
50435,2025-03-01 16:21:27,0.24,EUR,TRANSFER,SB,Lake Katherineton,,,155.171.212.2,Pacific/Apia,16397,6bf6ccb6-be49-4785-a09e-fcff8a276c04,Tablet,Linux,6.9.7,Mozilla/5.0 (compatible; MSIE 5.0; Windows NT 5.01; Trident/5.0),237.3,9,28.3,0,0,0,0,26,18461,White-Martinez,0
22762,2025-01-31 11:18:25,27.26,EUR,TRANSFER,US,Lake Donna,82.894521,175.790655,192.2.251.242,Asia/Tbilisi,8441,,Desktop,Windows,3.6.1,"Mozilla/5.0 (Linux; Android 3.2.1) AppleWebKit/533.0 (KHTML, like Gecko) Chrome/36.0.822.0 Safari/533.0",167.15,6,145.2,5,0,0,0,30,26058,"Summers, Copeland and Lee",0
194147,2025-01-24 03:33:12,36.38,EUR,PURCHASE,IT,West Lisamouth,22.521082,11.428173,53.204.132.179,Asia/Brunei,45787,357617ae-6a44-4e76-a33e-29ec25e9ee60,Mobile,Windows,2.8.1,"Mozilla/5.0 (iPhone; CPU iPhone OS 17_1 like Mac OS X) AppleWebKit/535.1 (KHTML, like Gecko) FxiOS/13.0c3975.0 Mobile/25H840 Safari/535.1",296.79,3,101.7,3,0,0,1,36,46740,Ponce Group,0
194385,2025-03-03 18:48:33,39.68,EUR,PURCHASE,KZ,Hodgeshire,,,140.231.211.54,Africa/Kampala,49858,2683e6b8-9a57-42e4-a21e-321d3dc5fa3b,Mobile,macOS,3.5.0,"Mozilla/5.0 (Linux; Android 4.0.3) AppleWebKit/536.0 (KHTML, like Gecko) Chrome/30.0.890.0 Safari/536.0",67.61,3,22.1,3,0,0,0,27,56296,Taylor Inc,0
3911,2025-01-10 08:51:55,31.86,GBP,WITHDRAWAL,NR,West Robert,-56.097674,98.120098,104.169.77.79,Asia/Tehran,1218,333454f7-7198-4101-9c91-4dacc62a69c6,Tablet,Android,5.7.5,Mozilla/5.0 (Windows NT 10.0; tcy-IN; rv:1.9.0.20) Gecko/8155-02-24 11:38:56 Firefox/3.6.3,241.89,2,154.2,1,0,0,0,46,68157,"Moyer, English and Collier",0
167432,2025-01-11 09:56:24,22.2,GBP,PURCHASE,KM,Rebeccamouth,-21.304470,56.317095,192.12.77.95,Asia/Jerusalem,30017,70584a88-f304-4ab1-ab52-d8b92e6ca181,Tablet,Linux,5.0.5,Mozilla/5.0 (Windows NT 6.0; te-IN; rv:1.9.1.20) Gecko/8006-12-13 05:27:10 Firefox/11.0,186.8,3,101.1,2,0,0,0,25,69309,"Johnson, Hampton and Adkins",0
124814,2025-03-04 04:15:50,24.42,USD,WITHDRAWAL,CN,Lake David,71.499932,-55.415200,191.13.149.46,America/Havana,5371,73051065-dfb3-4ee0-bc92-ae4de5ffab6d,Desktop,iOS,1.7.2,Opera/9.54.(Windows NT 6.1; lt-LT) Presto/2.9.189 Version/12.00,159.8,6,9.7,0,1,0,0,34,88794,"Smith, Martin and Velasquez",0
18713,2025-02-09 16:31:35,131.18,GBP,TRANSFER,LI,Lake William,2.045940,-55.706926,109.254.23.151,Asia/Rangoon,13110,22c5c30d-c93f-430e-8360-af17ddafde1a,Tablet,Linux,4.6.3,Opera/9.68.(Windows NT 6.2; sid-ET) Presto/2.9.181 Version/10.00,264.66,2,77.5,1,0,0,0,19,88325,Lynch Ltd,0
186227,2025-01-15 07:24:17,53.93,JPY,WITHDRAWAL,KG,Lake Timothyside,25.173276,-106.492783,204.78.148.32,Europe/Sarajevo,35195,408d4087-d42c-4b8c-a5cc-b80054bfa066,Desktop,Linux,2.9.8,"Mozilla/5.0 (Macintosh; Intel Mac OS X 10_11_7 rv:6.0; el-CY) AppleWebKit/531.47.6 (KHTML, like Gecko) Version/4.0.3 Safari/531.47.6",206.88,3,163.1,1,0,0,0,39,28467,Molina-King,0
1058,2025-01-15 09:10:48,98.34,USD,TRANSFER,SY,South Joshua,-18.247684,-113.922011,204.245.27.163,America/Caracas,29471,c0d8859b-8393-433a-a6f7-5d6d7a490ab4,Mobile,Linux,4.5.3,"Mozilla/5.0 (Macintosh; Intel Mac OS X 10_6_9 rv:5.0; doi-IN) AppleWebKit/535.42.3 (KHTML, like Gecko) Version/5.1 Safari/535.42.3",159.25,5,30.6,3,0,0,0,38,83575,Stokes-Rivera,0
11965,2025-01-31 19:35:38,96.56,USD,WITHDRAWAL,BA,Lake Megan,32.278700,-11.921858,25.133.116.184,Asia/Baghdad,42689,f9ff4fe6-ba62-4be9-be87-b0d9d650ad6d,Tablet,Windows,1.5.3,Opera/8.11.(X11; Linux i686; is-IS) Presto/2.9.167 Version/12.00,236.74,10,165.5,3,0,0,0,37,45825,Day PLC,0
123983,2025-02-10 22:23:20,35.16,EUR,PURCHASE,ML,Teresaview,82.817526,46.572205,218.117.0.254,America/Asuncion,28600,b7954ac2-b8ed-4d3c-b4a3-c989bd9fb5c8,Tablet,macOS,3.7.5,Mozilla/5.0 (X11; Linux x86_64; rv:1.9.5.20) Gecko/2038-02-21 08:18:59 Firefox/3.6.5,198.2,2,140.7,2,0,0,0,31,50403,Oneal-Simpson,0
191948,2025-03-21 14:27:10,101.82,GBP,TRANSFER,AR,South Amytown,60.608560,-36.030096,95.206.160.226,Asia/Manila,44751,ffe0669b-0c71-4143-a34d-4a5fb941529d,Desktop,Android,6.8.5,Mozilla/5.0 (X11; Linux i686; rv:1.9.6.20) Gecko/3391-11-06 09:26:43 Firefox/3.6.20,140.72,5,19.2,4,0,0,0,23,17959,Rodriguez Ltd,0
4061,2025-02-16 02:43:33,21.89,USD,PURCHASE,GB,Brianmouth,84.075322,,195.76.141.188,Africa/Mbabane,46583,2a192cc1-751c-4b00-80ea-89832bec2f2c,Tablet,Linux,2.7.9,"Mozilla/5.0 (iPod; U; CPU iPhone OS 4_0 like Mac OS X; ff-SN) AppleWebKit/533.17.3 (KHTML, like Gecko) Version/4.0.5 Mobile/8B117 Safari/6533.17.3",139.03,5,110.3,4,0,0,0,41,30105,"Miller, Mendoza and Lee",0
129939,2025-01-29 07:49:05,34.04,USD,PURCHASE,CL,Careyland,7.629922,10.695785,167.172.41.113,America/Argentina/Rio_Gallegos,8949,1a3ba5f7-7074-4d17-b324-de61f5f629e0,Desktop,Windows,6.9.2,Opera/8.21.(X11; Linux i686; sv-SE) Presto/2.9.178 Version/10.00,233.91,3,61.0,1,0,0,1,26,66218,"Taylor, Cunningham and Johnson",0
162822,2025-01-23 20:20:39,6.94,GBP,PURCHASE,CZ,Port Phillipton,78.300991,-35.650365,192.1.115.137,Europe/Vienna,1981,a19320fd-7ac0-4fbd-8f18-5ad32e16b07d,Mobile,Linux,5.5.8,"Mozilla/5.0 (Windows NT 11.0) AppleWebKit/531.2 (KHTML, like Gecko) Chrome/21.0.850.0 Safari/531.2",215.44,4,153.7,5,0,1,0,37,91994,"Chaney, Gilmore and Harris",0
174813,2025-03-19 22:02:39,4.09,JPY,WITHDRAWAL,VE,Lake Jasonland,-87.616137,-103.019565,222.118.37.247,Africa/Harare,10084,6d57486b-81a1-4373-8897-4cfdff89efad,Desktop,iOS,1.9.6,Opera/8.78.(Windows NT 5.01; az-AZ) Presto/2.9.168 Version/10.00,334.66,9,111.2,0,1,0,0,37,68135,"Smith, Lopez and Perez",0
117094,2025-01-11 09:04:58,80.11,GBP,TRANSFER,ER,Lake Melissa,35.228810,-139.142971,211.246.182.174,Asia/Dushanbe,19960,c1e989ca-5305-4dec-b121-375714cbeed3,Desktop,iOS,6.3.8,Opera/8.78.(X11; Linux i686; wae-CH) Presto/2.9.165 Version/12.00,243.22,6,57.8,0,0,1,0,25,6871,"Holder, Taylor and Tran",0
11368,2025-01-07 20:39:57,93.9,USD,TRANSFER,MG,Port Elizabethmouth,15.410807,-104.615588,216.166.114.145,Africa/Ouagadougou,23093,4c04aa75-da30-44b6-b0aa-a248bd48e1b5,Tablet,Windows,2.7.9,Opera/8.17.(X11; Linux i686; as-IN) Presto/2.9.184 Version/10.00,252.45,3,6.1,0,0,0,0,13,52328,Lewis PLC,0
5518,2025-02-09 08:05:06,29.75,GBP,TRANSFER,CM,Melissahaven,-60.573217,,135.34.162.160,Asia/Kabul,9592,ba6b0d9d-9c66-4d3f-934e-91f994957de1,Mobile,Linux,3.1.2,"Mozilla/5.0 (Windows NT 5.1) AppleWebKit/535.2 (KHTML, like Gecko) Chrome/61.0.824.0 Safari/535.2",48.65,6,122.2,0,0,0,0,35,74589,Taylor-Lucero,0
123732,2025-01-01 18:00:45,10.16,USD,PURCHASE,LC,Lake Jasonfurt,47.999714,-94.407250,196.179.88.160,America/Paramaribo,10526,ea87aaad-d085-4e9a-b6ec-25da112ef5ee,Desktop,macOS,6.3.1,Mozilla/5.0 (compatible; MSIE 7.0; Windows NT 4.0; Trident/3.0),218.89,8,142.6,4,1,0,0,35,28121,"Lewis, Cruz and Yang",0
133306,2025-03-17 06:33:47,71.39,USD,PURCHASE,MK,New Sonyaport,-24.879098,-26.827509,203.129.196.124,Europe/Budapest,24779,f53b0191-c355-43f2-8827-6de9ee94dd85,Desktop,Windows,2.0.8,"Mozilla/5.0 (X11; Linux i686) AppleWebKit/534.0 (KHTML, like Gecko) Chrome/40.0.864.0 Safari/534.0",357.55,6,139.3,5,1,0,0,31,62264,"Obrien, Wong and Schaefer",0
197628,2025-03-21 07:36:26,15.77,USD,PURCHASE,LI,North Stephanie,36.617656,-95.969748,35.220.142.67,America/Port_of_Spain,44884,412815f0-9ab0-4ffb-bd5d-39fa7206d18e,Mobile,Linux,2.7.9,Mozilla/5.0 (Android 2.2; Mobile; rv:62.0) Gecko/62.0 Firefox/62.0,124.98,4,78.7,4,0,0,0,39,24170,"Becker, Snyder and Stokes",0
80377,2025-02-07 13:55:36,23.55,EUR,TRANSFER,KW,Edwardsfurt,80.269886,37.672695,213.227.13.188,Africa/Monrovia,35038,de116ea2-13b2-45c6-ba77-ca2c0e69baf8,Tablet,Linux,1.0.1,Mozilla/5.0 (compatible; MSIE 7.0; Windows 98; Trident/5.0),302.98,7,49.2,1,0,0,0,45,43589,Jordan LLC,0
160556,2025-02-05 10:17:35,162.5,GBP,PURCHASE,SN,Jimenezberg,70.356996,165.885563,214.194.226.32,Africa/Kampala,35153,12ac3058-b4f3-4980-b6ae-5eead2c93359,Desktop,Windows,6.0.2,Mozilla/5.0 (Android 3.2.1; Mobile; rv:11.0) Gecko/11.0 Firefox/11.0,185.61,6,161.7,3,0,0,0,41,5435,King-Pace,0
13140,2025-01-03 04:00:58,96.27,JPY,WITHDRAWAL,MR,Wrightmouth,23.699646,-168.777665,156.188.110.220,America/Belize,30426,a77d838b-d929-4721-9c4b-aa1dfa321bf8,Desktop,macOS,1.9.6,"Mozilla/5.0 (Windows NT 5.1) AppleWebKit/534.2 (KHTML, like Gecko) Chrome/41.0.881.0 Safari/534.2",220.59,5,29.3,5,0,0,0,47,12420,Long and Sons,0
196490,2025-02-21 10:28:56,11.11,JPY,WITHDRAWAL,AF,Williamsonfurt,15.983739,136.383128,63.189.72.197,America/St_Kitts,45982,fb0768de-efb1-44e2-851d-70d2b78d05b4,Desktop,iOS,2.5.3,Opera/8.72.(Windows CE; cv-RU) Presto/2.9.182 Version/12.00,,5,109.3,0,0,0,0,35,79443,Fisher Group,0
94509,2025-01-07 12:13:53,0.31,USD,WITHDRAWAL,MW,Martinezburgh,-71.103545,0.301718,210.137.193.6,America/Montevideo,15854,0daedd5d-4197-41e7-8f20-936c5b74cac0,Tablet,Windows,2.1.1,"Mozilla/5.0 (Windows NT 5.2) AppleWebKit/532.2 (KHTML, like Gecko) Chrome/16.0.803.0 Safari/532.2",175.96,4,96.9,2,0,0,0,38,13200,"Andrews, Patel and Benson",0
69387,2025-02-09 08:27:43,27.38,GBP,PURCHASE,EG,Wandaland,-87.558382,65.795634,221.128.122.208,America/St_Kitts,5277,ac93841d-8f32-4934-85c4-a61777412e88,Desktop,Android,5.5.8,"Mozilla/5.0 (Linux; Android 4.2) AppleWebKit/536.1 (KHTML, like Gecko) Chrome/14.0.808.0 Safari/536.1",279.89,6,23.6,2,0,0,0,22,13975,"Garcia, Shah and Moore",0
50884,2025-03-14 11:23:52,49.42,JPY,TRANSFER,ST,North Morganside,70.291439,134.176751,83.184.99.47,Asia/Tokyo,39034,505d5917-78fd-462f-a0b2-d8f80dd3c1bc,Desktop,macOS,6.5.1,"Mozilla/5.0 (iPhone; CPU iPhone OS 3_2_2 like Mac OS X) AppleWebKit/531.2 (KHTML, like Gecko) FxiOS/15.2u2724.0 Mobile/88B878 Safari/531.2",102.14,4,46.0,4,0,0,0,15,1249,Smith and Sons,0
78366,2025-03-16 10:53:27,10.5,JPY,TRANSFER,SY,Nancyfort,-28.646493,-128.100729,195.42.49.173,Asia/Riyadh,28973,1293c202-4d63-4659-bad1-a8fb29107664,Desktop,Android,4.2.2,Mozilla/5.0 (compatible; MSIE 9.0; Windows NT 6.2; Trident/4.1),,3,126.9,3,0,0,0,40,68387,Lara Group,0
96378,2025-01-10 02:07:40,1.67,JPY,TRANSFER,MN,North Jennifer,85.818074,101.596787,184.217.168.108,Africa/Kinshasa,10833,83cb2db3-4aa2-457e-9121-88d8a7bff726,Desktop,Android,6.3.2,Opera/8.83.(Windows 98; my-MM) Presto/2.9.184 Version/11.00,270.34,7,23.7,1,0,0,0,17,39940,Gonzalez PLC,0
173341,2025-02-15 02:57:26,2.03,USD,WITHDRAWAL,SI,Kennethton,-87.872771,-120.679983,141.105.225.134,Europe/Brussels,6396,b3439a17-8422-43b1-bfbd-d32aad9e679e,Mobile,iOS,3.0.3,"Mozilla/5.0 (Macintosh; PPC Mac OS X 10_11_1 rv:2.0; ast-ES) AppleWebKit/531.32.5 (KHTML, like Gecko) Version/4.1 Safari/531.32.5",213.03,9,37.0,5,0,0,0,25,11484,Lee PLC,0
42668,2025-02-04 21:33:53,7.39,EUR,TRANSFER,NE,Christopherfurt,62.832356,144.940985,196.43.237.95,Europe/Minsk,39138,533e249b-eba2-42ff-8546-a0898e2192e4,Tablet,macOS,6.0.8,Mozilla/5.0 (Android 3.2.3; Mobile; rv:31.0) Gecko/31.0 Firefox/31.0,231.77,5,154.0,1,0,0,0,34,68641,"Williams, Perez and Williams",0
97178,2025-01-14 20:53:03,87.09,GBP,PURCHASE,EC,Port Timothyland,60.716674,-61.561464,71.193.52.46,Europe/Athens,24781,9993b28e-a0e6-4b98-9302-a230703a9275,Mobile,Windows,3.6.7,"Mozilla/5.0 (Windows; U; Windows NT 4.0) AppleWebKit/532.38.6 (KHTML, like Gecko) Version/4.0 Safari/532.38.6",189.29,6,140.6,4,0,0,1,34,88793,Russell PLC,0
103146,2025-01-18 23:22:07,29.58,JPY,WITHDRAWAL,SV,North Jason,17.166934,125.196993,84.101.174.180,Europe/Dublin,12243,0118417a-783f-44e2-928f-f56b88b53dde,Mobile,Android,6.6.5,"Mozilla/5.0 (Macintosh; Intel Mac OS X 10_7_7 rv:3.0; sw-KE) AppleWebKit/534.47.7 (KHTML, like Gecko) Version/5.0.5 Safari/534.47.7",239.06,4,14.0,0,0,0,0,33,36888,Lee-Lee,0
114535,2025-01-23 09:27:00,19.75,EUR,WITHDRAWAL,GW,Port Brenda,45.727418,179.129728,201.130.8.205,Africa/Asmera,24382,cced8449-41e6-444a-a48f-a1d039f223e2,Mobile,Linux,2.1.1,Mozilla/5.0 (Android 1.1; Mobile; rv:24.0) Gecko/24.0 Firefox/24.0,147.03,6,109.5,2,0,0,0,24,95025,Heath-Ramirez,0
163144,2025-02-07 09:39:38,68.56,GBP,TRANSFER,CH,Welchtown,-41.533076,-94.096790,199.134.169.154,Asia/Saigon,3936,92b22e6f-a0f1-4e59-ac82-e0270eb4371b,Mobile,Linux,6.7.4,Mozilla/5.0 (Macintosh; PPC Mac OS X 10_12_6; rv:1.9.6.20) Gecko/9229-07-12 23:53:16 Firefox/15.0,164.97,3,14.3,1,0,1,1,61,44768,Davidson-Reynolds,1
128635,2025-01-22 11:42:06,104.24,USD,WITHDRAWAL,VA,New Bethbury,,-119.913418,126.125.135.248,Europe/Warsaw,38960,838be9fb-b8aa-4fc2-a665-67e011c88d6b,Mobile,Android,2.2.2,Mozilla/5.0 (compatible; MSIE 7.0; Windows NT 5.01; Trident/5.1),234.6,3,43.0,0,0,0,0,33,56615,Valentine and Sons,0
108524,2025-03-09 11:04:33,17.63,EUR,WITHDRAWAL,VE,Baldwinville,52.610992,-9.618351,129.102.45.140,America/La_Paz,1887,136954a7-2fae-4cbb-ba3f-d99f99416806,Desktop,Linux,3.2.0,"Mozilla/5.0 (iPhone; CPU iPhone OS 17_1_1 like Mac OS X) AppleWebKit/535.2 (KHTML, like Gecko) FxiOS/13.9h6474.0 Mobile/48F855 Safari/535.2",233.97,1,1.8,2,0,1,0,27,33884,"Page, Collins and Vargas",0
113793,2025-01-01 21:02:21,7.45,USD,WITHDRAWAL,DE,Port Bethborough,-18.062862,122.410861,189.97.106.149,Europe/Bratislava,2068,6858c905-bf4e-4f42-abd9-4db7d955ad3c,Tablet,iOS,2.1.8,"Mozilla/5.0 (Windows; U; Windows NT 6.2) AppleWebKit/534.30.4 (KHTML, like Gecko) Version/5.0.5 Safari/534.30.4",,2,71.3,1,0,0,1,33,92396,Chapman PLC,0
152431,2025-03-18 02:58:24,0.84,EUR,WITHDRAWAL,LU,Knoxburgh,-44.946368,,102.19.22.155,Asia/Aqtau,38301,,Tablet,Linux,3.4.8,Opera/9.59.(X11; Linux x86_64; tr-TR) Presto/2.9.181 Version/11.00,182.19,3,41.9,0,0,0,0,22,78952,Wagner Group,0
81756,2025-01-30 22:47:51,381.68,GBP,PURCHASE,CL,Jamieland,-36.039561,,126.41.180.157,Asia/Tbilisi,21942,c5a513c8-1961-42c1-aac8-3d456b2b1e27,Mobile,iOS,1.5.0,Mozilla/5.0 (Macintosh; PPC Mac OS X 10_9_0; rv:1.9.3.20) Gecko/4558-05-03 21:55:05 Firefox/3.6.3,236.51,5,83.7,1,0,1,0,86,68513,Gutierrez-Green,1
141861,2025-03-22 09:26:28,6.34,EUR,PURCHASE,BF,New Matthewside,-18.735712,,199.78.55.230,Africa/Mbabane,24205,2a57e966-b9de-4eb7-99f3-38747708f607,Tablet,Windows,5.3.4,"Mozilla/5.0 (iPhone; CPU iPhone OS 17_1 like Mac OS X) AppleWebKit/534.2 (KHTML, like Gecko) CriOS/43.0.813.0 Mobile/71C461 Safari/534.2",216.84,5,80.1,2,0,0,0,29,63048,"Wilson, Meyers and Ball",0
139819,2025-02-26 17:34:58,40.0,EUR,PURCHASE,PT,Kimberlyville,,-85.069447,175.188.190.231,Africa/Tunis,26471,eecddf91-6484-4e8b-982b-5b35f6ef7037,Desktop,Linux,3.5.9,"Mozilla/5.0 (Windows NT 5.0) AppleWebKit/535.2 (KHTML, like Gecko) Chrome/37.0.873.0 Safari/535.2",234.65,6,17.0,4,0,0,0,20,91697,Spencer-Beck,0
187146,2025-03-14 21:21:51,55.04,USD,TRANSFER,CD,East Samanthaton,-3.053355,138.658396,43.16.39.180,America/Tegucigalpa,46644,3b5de3f7-39ad-47c4-a022-914792e17576,Desktop,Linux,2.8.1,"Mozilla/5.0 (Macintosh; PPC Mac OS X 10_12_8 rv:2.0; ckb-IQ) AppleWebKit/533.9.6 (KHTML, like Gecko) Version/4.0.1 Safari/533.9.6",299.56,3,77.5,0,1,0,0,53,78508,"Carroll, Small and Buck",0
180390,2025-03-22 17:27:14,0.72,GBP,PURCHASE,DM,Herbertburgh,46.762845,,144.92.104.79,Africa/Conakry,46779,80dcb6b2-aa0e-4c51-84dc-e092511544ee,Mobile,Windows,1.9.6,"Mozilla/5.0 (iPad; CPU iPad OS 8_4_1 like Mac OS X) AppleWebKit/536.2 (KHTML, like Gecko) CriOS/49.0.899.0 Mobile/83M148 Safari/536.2",327.47,8,67.8,3,0,0,0,15,54447,Moreno LLC,0
180853,2025-03-18 09:15:25,74.99,JPY,PURCHASE,CY,Paulmouth,-57.655338,-58.975535,192.112.0.8,Atlantic/Reykjavik,2313,2dd4dee9-fadc-48b7-9a03-9c27a2261e3e,Mobile,Linux,6.7.5,Mozilla/5.0 (Macintosh; U; Intel Mac OS X 10_12_0; rv:1.9.4.20) Gecko/3141-05-13 01:17:44 Firefox/3.8,163.26,6,48.2,0,0,0,0,33,22643,"Hernandez, Torres and Weeks",0
141580,2025-03-07 17:28:50,5.82,USD,TRANSFER,JO,Ericfurt,23.073870,42.958453,123.174.5.39,Asia/Kashgar,7940,4ffb524e-a687-43b1-97bd-a7caae67b826,Tablet,macOS,5.6.3,Mozilla/5.0 (Android 1.6; Mobile; rv:9.0) Gecko/9.0 Firefox/9.0,292.61,4,152.9,3,0,0,0,31,22603,Jones LLC,0
17798,2025-03-13 10:21:00,21.31,EUR,TRANSFER,BW,Lisaport,5.768286,54.655533,177.86.148.28,America/St_Vincent,3635,cfe067eb-7141-4a9d-b395-531c22854669,Desktop,iOS,2.6.4,"Mozilla/5.0 (iPhone; CPU iPhone OS 2_2_1 like Mac OS X) AppleWebKit/533.2 (KHTML, like Gecko) CriOS/29.0.851.0 Mobile/79V528 Safari/533.2",142.29,7,126.4,2,0,0,0,19,6732,"Dean, Roberts and Valdez",0
188758,2025-02-21 04:03:20,155.67,JPY,PURCHASE,TR,East Kellytown,29.213088,-70.974603,162.21.200.89,Europe/Oslo,5923,,Desktop,Android,1.7.8,Opera/8.74.(Windows NT 5.0; ml-IN) Presto/2.9.182 Version/11.00,174.93,4,37.8,4,0,0,0,35,42533,Powers LLC,0
109962,2025-02-12 08:04:12,31.81,GBP,PURCHASE,TD,West David,-72.522816,-38.458598,11.90.50.113,Asia/Baku,31917,e7d290c0-55e5-4e86-9f33-68dcf7bff69b,Desktop,Android,4.5.2,Opera/9.67.(Windows NT 6.1; dv-MV) Presto/2.9.180 Version/12.00,167.26,2,167.6,1,0,0,0,15,74429,Anthony LLC,0
144534,2025-02-13 06:25:47,27.36,GBP,WITHDRAWAL,QA,East Stephanieview,-39.592504,114.892293,167.165.230.214,America/Montevideo,9968,312714e3-4f4f-4f3d-bf65-076bea2c301c,Desktop,Windows,1.3.1,Mozilla/5.0 (compatible; MSIE 6.0; Windows 98; Win 9x 4.90; Trident/3.0),244.74,6,158.5,3,0,0,0,13,93744,"Gibbs, Gaines and Daniel",0
67329,2025-01-14 03:26:06,85.98,JPY,TRANSFER,GE,South Jeffreyland,61.273102,104.539783,152.255.232.250,America/Merida,40678,91b2d4d4-e4cb-4acd-b388-39dadb629fae,Tablet,Linux,4.2.4,"Mozilla/5.0 (Windows; U; Windows NT 5.01) AppleWebKit/535.24.5 (KHTML, like Gecko) Version/5.0.3 Safari/535.24.5",74.29,6,88.5,4,0,0,0,19,65282,Johnson-Oneill,0
119196,2025-03-22 16:41:21,102.29,EUR,WITHDRAWAL,MM,Lake George,-19.554008,-131.014205,150.116.232.83,America/La_Paz,27519,799db0d0-346a-40bc-b010-3d45495c9781,Desktop,iOS,1.7.4,"Mozilla/5.0 (Windows; U; Windows NT 10.0) AppleWebKit/534.50.5 (KHTML, like Gecko) Version/4.0.3 Safari/534.50.5",239.51,6,127.8,4,0,0,0,21,76550,Riley LLC,0
171319,2025-01-28 03:15:12,166.44,GBP,PURCHASE,BT,Juarezbury,-47.907465,-26.476062,103.63.201.39,Asia/Damascus,13963,,Desktop,iOS,6.1.9,Mozilla/5.0 (compatible; MSIE 7.0; Windows NT 10.0; Trident/5.1),164.59,3,89.4,1,0,0,0,30,34618,Anderson PLC,0
37292,2025-02-27 10:29:39,26.34,USD,PURCHASE,BN,Evanhaven,76.385356,1.615175,30.1.229.114,Asia/Dushanbe,5552,99fffd8e-7752-412e-8f2d-72265265bbf9,Mobile,iOS,4.9.4,Mozilla/5.0 (Macintosh; Intel Mac OS X 10_5_3; rv:1.9.6.20) Gecko/3775-02-16 04:01:06 Firefox/15.0,153.93,5,95.2,4,0,0,0,23,28925,"Smith, Smith and Morales",0
145017,2025-02-12 15:16:56,249.25,JPY,WITHDRAWAL,BN,East Colleen,-60.593988,-103.800015,215.18.86.72,Pacific/Efate,32803,365e257b-93f2-48fc-9bc1-6cb14fb98479,Mobile,macOS,5.1.9,"Mozilla/5.0 (iPod; U; CPU iPhone OS 3_1 like Mac OS X; fy-NL) AppleWebKit/531.33.2 (KHTML, like Gecko) Version/4.0.5 Mobile/8B118 Safari/6531.33.2",137.44,4,35.7,3,0,0,0,30,89226,"Gonzalez, Flores and Walsh",0
20164,2025-02-24 06:45:40,64.82,JPY,PURCHASE,IL,West Carlos,-73.292729,50.357964,71.195.52.61,Asia/Jerusalem,30434,bba8ab4f-1d69-4eff-8c41-aee37185cb04,Mobile,Windows,5.9.2,"Mozilla/5.0 (Macintosh; PPC Mac OS X 10_5_2 rv:5.0; km-KH) AppleWebKit/534.21.6 (KHTML, like Gecko) Version/5.0.5 Safari/534.21.6",165.41,7,128.4,2,0,0,0,34,46316,Smith-Mathis,0
160980,2025-03-20 19:10:03,26.04,JPY,PURCHASE,FJ,New Ronald,24.359196,157.560422,207.156.187.47,Europe/Stockholm,48958,1619d0dd-44e6-4582-afa8-3d7a39c69cd2,Tablet,Android,5.8.1,Mozilla/5.0 (compatible; MSIE 8.0; Windows 98; Win 9x 4.90; Trident/4.0),187.45,3,76.6,1,0,0,0,26,99947,Cowan-Curry,0
70044,2025-01-22 04:54:14,190.53,EUR,TRANSFER,MW,Millsland,-6.111455,-90.384526,149.13.77.154,Asia/Phnom_Penh,40473,92ac89d5-b185-4952-99f1-23d3d6a1527d,Desktop,Windows,1.0.9,Mozilla/5.0 (compatible; MSIE 6.0; Windows CE; Trident/4.0),152.94,3,27.3,1,1,0,0,47,39292,"Rodriguez, Smith and Russell",0
143155,2025-03-19 23:07:11,6.51,USD,PURCHASE,PY,Mitchellmouth,87.858784,133.425586,178.109.95.57,America/Tegucigalpa,16979,9e9433cb-db4d-4e80-9948-581334a314c4,Tablet,macOS,4.5.9,Opera/8.84.(X11; Linux i686; ka-GE) Presto/2.9.167 Version/10.00,71.48,5,84.6,5,0,0,0,21,7478,Hinton-Scott,0
55047,2025-01-26 07:12:24,69.8,EUR,TRANSFER,LK,Klineburgh,13.796378,-118.623147,215.237.232.132,Europe/Berlin,11690,1a93ed82-a965-4481-9786-fbfc8db64457,Desktop,macOS,3.8.7,Opera/9.89.(Windows NT 4.0; ia-FR) Presto/2.9.183 Version/12.00,,8,142.9,2,0,0,0,24,73816,Crawford LLC,0
127269,2025-02-09 14:06:57,34.27,EUR,PURCHASE,LY,Jacobton,60.347104,90.958904,223.12.115.111,Asia/Karachi,1613,aa6d4d6c-ff43-43aa-80cf-77fdf9fd9799,Mobile,macOS,5.2.4,"Mozilla/5.0 (iPad; CPU iPad OS 9_3_6 like Mac OS X) AppleWebKit/535.1 (KHTML, like Gecko) FxiOS/9.1l3308.0 Mobile/52K163 Safari/535.1",253.32,7,120.5,2,0,0,0,21,76778,Baker-Gilbert,0
134976,2025-03-04 06:37:09,17.23,EUR,PURCHASE,GR,Sarahhaven,-44.637918,83.326764,158.106.135.170,Asia/Kuwait,12149,013970b9-b50d-4598-8a8c-ae9ff8363444,Tablet,Windows,5.8.2,"Mozilla/5.0 (Windows; U; Windows NT 5.0) AppleWebKit/535.21.6 (KHTML, like Gecko) Version/5.0 Safari/535.21.6",217.71,6,115.9,2,0,0,0,26,97967,Olson Ltd,0
67439,2025-02-09 04:41:58,21.13,GBP,TRANSFER,LB,Palmerville,57.938500,106.428591,104.128.171.243,Europe/Bratislava,42283,cbb60732-5006-4ba0-a37a-df24dff36db3,Tablet,Linux,4.1.7,"Mozilla/5.0 (Windows NT 10.0) AppleWebKit/531.0 (KHTML, like Gecko) Chrome/40.0.864.0 Safari/531.0",245.37,5,13.7,4,0,0,0,18,60326,"Williams, Becker and Chen",0
131180,2025-01-03 07:54:51,13.85,JPY,WITHDRAWAL,GQ,Johnland,-68.082724,132.592212,140.227.180.198,Europe/Vilnius,2536,d49054fc-19ca-473f-98cd-4071131dc57f,Desktop,Linux,4.7.8,"Mozilla/5.0 (Macintosh; U; Intel Mac OS X 10_8_9) AppleWebKit/534.0 (KHTML, like Gecko) Chrome/47.0.803.0 Safari/534.0",170.71,5,115.7,2,0,0,0,37,68129,Davidson-Torres,0
45273,2025-01-01 04:51:59,8.18,USD,PURCHASE,AD,Taraland,32.806070,-77.795590,160.177.79.37,Africa/Cairo,602,641804a0-ba99-48d7-b846-b0057b3f7e2c,Desktop,Android,4.4.5,Mozilla/5.0 (compatible; MSIE 9.0; Windows NT 10.0; Trident/3.1),188.11,11,102.1,3,0,0,0,28,22568,Hernandez LLC,0
158825,2025-02-15 05:57:57,8.63,USD,PURCHASE,GB,North Jason,-45.081268,-128.487784,142.136.108.114,Asia/Dushanbe,49522,01960bef-d5f3-41d4-ab62-9c64614f4230,Tablet,iOS,6.0.8,Mozilla/5.0 (compatible; MSIE 6.0; Windows NT 10.0; Trident/4.1),175.34,4,119.5,5,0,1,0,46,60794,Schmidt PLC,0
43205,2025-01-25 03:46:07,17.27,USD,PURCHASE,MA,Ralphhaven,-29.722297,-20.165193,15.211.31.36,Europe/Monaco,17157,02a78b51-14a1-44f2-aedd-8344bf8cfbf7,Tablet,Android,6.8.2,"Mozilla/5.0 (Windows NT 6.1) AppleWebKit/536.0 (KHTML, like Gecko) Chrome/24.0.863.0 Safari/536.0",350.82,2,92.5,4,0,0,0,29,24046,Nelson-Short,0
88622,2025-02-19 09:46:17,135.15,GBP,WITHDRAWAL,ZM,West Aaron,-26.998911,-79.084155,52.106.13.92,Asia/Tbilisi,31206,89f52a25-df31-40c5-91b5-2e9bc3bdad89,Desktop,Android,6.0.5,"Mozilla/5.0 (Linux; Android 2.2.2) AppleWebKit/534.0 (KHTML, like Gecko) Chrome/43.0.805.0 Safari/534.0",311.45,3,16.6,2,0,0,0,34,91245,Sanchez Group,0
178520,2025-02-27 14:30:01,6.2,USD,WITHDRAWAL,SM,South Gregory,4.246543,,158.103.166.65,Asia/Tbilisi,30953,c304be2a-d056-46d5-b43f-a1f0c175346f,Mobile,iOS,3.6.1,"Mozilla/5.0 (iPod; U; CPU iPhone OS 3_2 like Mac OS X; csb-PL) AppleWebKit/532.29.2 (KHTML, like Gecko) Version/3.0.5 Mobile/8B116 Safari/6532.29.2",139.27,6,62.0,2,0,0,0,28,25322,Grant-Davis,0
16631,2025-01-19 08:07:22,32.49,GBP,WITHDRAWAL,SB,Port Phillip,,,182.37.124.34,Europe/Bratislava,11189,a1016177-5663-45b4-9692-990f3a024579,Mobile,macOS,5.1.3,"Mozilla/5.0 (iPad; CPU iPad OS 13_7 like Mac OS X) AppleWebKit/535.2 (KHTML, like Gecko) CriOS/40.0.818.0 Mobile/01B173 Safari/535.2",37.8,4,69.7,3,0,0,0,36,84781,Scott-Cummings,0
126669,2025-03-01 16:44:29,34.59,GBP,WITHDRAWAL,MX,North Cassie,-19.174487,21.308541,135.179.101.8,Europe/Monaco,31679,a500e7e8-80b4-4f34-a110-2669ff35e8b8,Mobile,Android,3.5.5,"Mozilla/5.0 (iPod; U; CPU iPhone OS 3_2 like Mac OS X; bg-BG) AppleWebKit/531.11.3 (KHTML, like Gecko) Version/4.0.5 Mobile/8B117 Safari/6531.11.3",193.88,8,146.8,2,1,0,0,25,82313,Li Ltd,0
32749,2025-01-28 14:54:54,7.62,USD,PURCHASE,SN,Moodybury,-41.536112,-129.992368,72.163.251.60,Pacific/Majuro,42045,46b68d69-c113-481a-a72a-7b8bede2704d,Mobile,iOS,3.0.6,Mozilla/5.0 (compatible; MSIE 5.0; Windows NT 5.0; Trident/3.1),77.66,6,132.0,0,0,0,0,46,17617,Richardson-White,0
8719,2025-03-16 19:25:32,152.55,JPY,TRANSFER,US,New Kevin,72.265714,74.734144,169.62.97.110,Africa/Monrovia,49378,7ac59d7a-8328-4ac4-9219-892c9332fb87,Tablet,macOS,1.7.6,Opera/9.58.(Windows 98; Win 9x 4.90; as-IN) Presto/2.9.188 Version/12.00,185.89,7,39.9,1,0,0,0,17,3216,Nunez-Duffy,0
170052,2025-01-19 07:40:22,10.09,USD,PURCHASE,DZ,Johnsonhaven,-57.287685,8.100043,200.49.22.2,Africa/Porto-Novo,32834,1888c1bc-4f12-4d57-aafd-fac1d1043d16,Desktop,iOS,2.0.3,"Mozilla/5.0 (Windows 98; Win 9x 4.90) AppleWebKit/534.0 (KHTML, like Gecko) Chrome/24.0.882.0 Safari/534.0",130.54,3,48.6,4,0,0,0,15,40380,Jones PLC,0
136329,2025-03-04 09:19:12,9.23,JPY,PURCHASE,GE,North Kristenbury,-52.889250,-167.166895,209.253.88.20,America/Santiago,36584,bd3b2f13-8462-4af9-9647-9246874f18ab,Desktop,Linux,6.7.5,Mozilla/5.0 (compatible; MSIE 6.0; Windows NT 6.2; Trident/5.0),182.62,4,121.0,3,0,0,0,42,77339,"Larson, Martinez and Hoover",0
110642,2025-02-10 12:56:25,4.77,GBP,TRANSFER,CV,South Charlesmouth,,112.722899,209.176.137.97,Africa/Lusaka,12554,9a7357d0-ab86-4074-8b6b-cd3ec26c3450,Desktop,Windows,4.6.7,"Mozilla/5.0 (Windows; U; Windows CE) AppleWebKit/531.16.7 (KHTML, like Gecko) Version/5.0.2 Safari/531.16.7",220.52,6,4.8,3,0,0,0,13,34318,Curtis Ltd,0
129035,2025-02-04 22:43:53,47.29,JPY,WITHDRAWAL,KE,Lake Elizabethport,37.037140,-37.547851,210.83.38.195,Asia/Karachi,42948,fa3c80ed-8f44-4865-be0a-16802341ecae,Desktop,Linux,1.8.6,"Mozilla/5.0 (iPhone; CPU iPhone OS 4_2_1 like Mac OS X) AppleWebKit/533.2 (KHTML, like Gecko) FxiOS/17.0g8321.0 Mobile/06U321 Safari/533.2",188.95,2,88.5,3,0,0,0,32,96929,Dixon-Miller,0
186987,2025-02-27 02:14:35,15.15,JPY,WITHDRAWAL,FI,New Christopher,-43.232000,151.299610,196.64.150.44,Africa/Luanda,25208,361c9543-b90f-4f6c-9218-151aae6b2229,Mobile,iOS,2.0.9,Mozilla/5.0 (X11; Linux x86_64; rv:1.9.7.20) Gecko/8450-03-05 07:56:28 Firefox/3.8,181.22,5,35.1,2,0,0,0,27,47774,Floyd-Mcpherson,0
40150,2025-01-26 04:20:41,34.94,JPY,WITHDRAWAL,CF,West Vicki,85.945292,102.452001,161.150.36.49,Europe/Sofia,36035,a40d4b7f-3a03-4270-bed6-7f0e0648d463,Desktop,iOS,3.2.1,Opera/8.13.(Windows NT 4.0; fr-FR) Presto/2.9.170 Version/10.00,162.74,4,15.3,5,0,0,0,34,48689,"Hernandez, Thomas and Chandler",0
138915,2025-01-27 10:09:10,96.18,GBP,TRANSFER,LC,Marcusberg,67.910140,115.186969,212.49.224.189,America/Fortaleza,23655,ee0f01d9-93de-45c8-887c-1f2e044cda75,Mobile,Android,2.4.8,"Mozilla/5.0 (iPod; U; CPU iPhone OS 3_0 like Mac OS X; tk-TM) AppleWebKit/532.3.2 (KHTML, like Gecko) Version/3.0.5 Mobile/8B111 Safari/6532.3.2",207.41,6,114.9,1,0,0,0,24,68714,Howard-Floyd,0
147149,2025-02-23 09:02:28,16.69,EUR,WITHDRAWAL,BD,North Ryanland,-89.434494,106.289031,146.252.178.65,Europe/Dublin,46694,cbc35616-b45d-436f-9fb5-af367ff05f9b,Tablet,macOS,6.8.6,"Mozilla/5.0 (X11; Linux x86_64) AppleWebKit/533.1 (KHTML, like Gecko) Chrome/48.0.809.0 Safari/533.1",253.07,6,67.8,3,0,0,0,12,18447,Torres Group,0
135627,2025-02-11 04:12:37,8.48,EUR,WITHDRAWAL,AL,Lake Jessica,-36.944979,3.151715,171.177.245.229,Asia/Brunei,37778,7d07d39e-d273-4b30-88be-03abee6d3e69,Desktop,Linux,1.0.9,"Mozilla/5.0 (Windows CE) AppleWebKit/535.1 (KHTML, like Gecko) Chrome/33.0.818.0 Safari/535.1",,7,66.1,5,1,0,0,25,49961,Harris-Mason,0
26895,2025-02-10 19:22:52,22.86,EUR,PURCHASE,RS,Mitchellport,75.321906,58.000004,154.201.109.183,Atlantic/Azores,2895,94f81d6a-f2f8-4974-9ca4-9d6d37ba4576,Mobile,Android,6.6.3,Mozilla/5.0 (compatible; MSIE 8.0; Windows NT 6.0; Trident/3.1),111.34,2,33.3,5,0,0,0,33,62747,"Robertson, Dawson and Johnson",0
27850,2025-01-24 18:36:18,149.47,USD,WITHDRAWAL,IR,West Katherineport,39.285007,-51.228650,214.179.188.143,Europe/Chisinau,9949,ef07f5e5-c557-41b4-bae8-bbb922d98bca,Desktop,macOS,5.7.9,Mozilla/5.0 (Macintosh; PPC Mac OS X 10_10_8; rv:1.9.3.20) Gecko/3461-04-10 19:07:42 Firefox/13.0,169.89,6,110.4,0,0,0,0,29,60151,Rodriguez LLC,0
41949,2025-03-11 16:34:44,34.83,USD,PURCHASE,MG,Morganberg,42.223517,-71.562581,18.113.35.199,Asia/Bishkek,33262,50892734-5630-4918-b662-c8b1d4813c64,Desktop,macOS,2.8.1,"Mozilla/5.0 (X11; Linux i686) AppleWebKit/532.0 (KHTML, like Gecko) Chrome/58.0.801.0 Safari/532.0",179.59,5,145.0,3,0,0,0,32,94410,Mcintyre-Cain,0
86018,2025-01-01 10:16:47,12.94,USD,TRANSFER,AU,Suzanneside,-20.087240,163.660420,188.100.169.222,Pacific/Majuro,43148,3030da0d-5fff-47f1-9718-608e6d4e7994,Mobile,Linux,2.4.5,Mozilla/5.0 (compatible; MSIE 5.0; Windows NT 10.0; Trident/4.0),242.59,7,128.9,3,1,0,0,42,85190,Fleming-Mercer,0
142626,2025-02-04 07:03:29,15.63,JPY,WITHDRAWAL,CN,South Adrian,10.196392,113.225333,82.100.73.105,America/St_Kitts,4136,8449e625-561e-4519-8907-bcc0d5641a31,Mobile,Windows,1.5.2,"Mozilla/5.0 (Macintosh; U; Intel Mac OS X 10_9_1) AppleWebKit/536.1 (KHTML, like Gecko) Chrome/13.0.889.0 Safari/536.1",147.84,4,58.6,2,0,0,0,27,67227,"Conley, Harmon and Ware",0
14510,2025-02-01 16:17:10,7.17,JPY,TRANSFER,CF,South Caitlin,,,221.84.89.19,America/Asuncion,3665,ddc42f4f-de48-423a-bbe2-473e31ce76af,Tablet,macOS,5.0.4,"Mozilla/5.0 (Windows; U; Windows NT 6.0) AppleWebKit/535.1.4 (KHTML, like Gecko) Version/4.1 Safari/535.1.4",190.63,7,53.9,2,0,0,0,21,57312,"Vasquez, Bernard and Marks",0
57145,2025-03-08 20:36:37,2.18,USD,TRANSFER,KH,Davisbury,-41.482956,-113.160128,194.164.6.244,Pacific/Nauru,20935,949ea331-84a4-41d2-ad79-c681c8d154d2,Mobile,Android,4.9.5,Mozilla/5.0 (Macintosh; PPC Mac OS X 10_11_6; rv:1.9.4.20) Gecko/4344-03-28 15:55:19 Firefox/3.6.12,103.09,9,16.1,4,0,0,0,28,38300,Mccoy Group,0
14053,2025-02-15 05:21:46,27.14,USD,PURCHASE,BN,Oscartown,-75.031683,-153.643114,86.102.123.54,Asia/Calcutta,20251,b5fcd008-66b9-45fe-aabe-95296302dd63,Desktop,Windows,3.7.7,"Mozilla/5.0 (Windows; U; Windows CE) AppleWebKit/531.25.7 (KHTML, like Gecko) Version/4.0 Safari/531.25.7",249.51,10,70.5,3,0,0,0,38,16392,Hawkins-Ward,0
66511,2025-02-02 06:14:59,25.69,GBP,TRANSFER,MW,Edwinstad,-54.762444,173.239010,47.143.225.10,Europe/Berlin,22119,61e44bc9-4803-4541-b65f-474415915a9c,Desktop,Windows,2.0.2,Mozilla/5.0 (compatible; MSIE 5.0; Windows CE; Trident/5.0),190.68,7,127.9,5,0,0,0,37,65852,"Blair, West and Richards",0
57012,2025-02-21 12:37:14,7.99,USD,WITHDRAWAL,CD,Georgestad,51.111774,124.689142,196.84.242.91,Africa/Bujumbura,22773,2c32b5ee-2e1e-4675-8907-aa7e51ed1b40,Desktop,iOS,4.4.0,"Mozilla/5.0 (Windows NT 5.01) AppleWebKit/536.2 (KHTML, like Gecko) Chrome/21.0.861.0 Safari/536.2",349.46,8,67.1,1,0,0,0,20,79509,Potts-Carr,0
132567,2025-01-07 23:55:24,22.79,EUR,TRANSFER,BE,Stuarthaven,-85.312150,-7.129434,208.42.243.209,America/Belize,871,25ce667d-67fd-4d5f-b070-c8478160eb4e,Tablet,Android,6.6.5,"Mozilla/5.0 (X11; Linux x86_64) AppleWebKit/536.0 (KHTML, like Gecko) Chrome/50.0.850.0 Safari/536.0",254.14,3,38.6,4,0,0,0,52,17132,Calhoun PLC,0
122421,2025-03-13 11:46:10,111.76,USD,PURCHASE,BZ,Emilyland,34.218081,-75.157068,177.185.27.168,America/Barbados,22147,46600454-c28a-4564-90e0-77be4768c96c,Mobile,iOS,5.9.0,Mozilla/5.0 (compatible; MSIE 5.0; Windows NT 5.1; Trident/3.0),215.7,7,47.9,2,0,0,0,12,27415,"Marshall, Barnes and Yoder",0
799,2025-03-13 18:33:43,65.42,GBP,PURCHASE,NR,Yatesfurt,85.490336,,206.199.255.131,Asia/Rangoon,32993,94b12987-0fa9-4e2e-9b0d-c436ade8bdab,Tablet,Linux,6.1.6,Mozilla/5.0 (Android 13; Mobile; rv:26.0) Gecko/26.0 Firefox/26.0,128.17,7,159.2,1,0,0,0,37,98401,"Neal, Garcia and Horton",0
169103,2025-01-09 05:01:56,385.72,GBP,WITHDRAWAL,MH,Nicholasbury,-62.612370,156.171835,169.238.76.162,Africa/Bujumbura,33658,,Tablet,iOS,5.7.9,Opera/8.38.(X11; Linux x86_64; as-IN) Presto/2.9.180 Version/11.00,138.86,4,79.5,3,0,1,0,79,10559,Mcmahon-Hampton,1
164497,2025-02-28 23:30:06,153.2,EUR,TRANSFER,MX,Marktown,,-137.956530,44.1.6.83,Asia/Kuala_Lumpur,2494,2ea7f65e-a87f-47ef-b8ce-78aba5ecb5c9,Tablet,Android,1.6.9,"Mozilla/5.0 (iPod; U; CPU iPhone OS 3_3 like Mac OS X; ts-ZA) AppleWebKit/531.2.1 (KHTML, like Gecko) Version/3.0.5 Mobile/8B117 Safari/6531.2.1",225.55,9,116.1,3,0,0,0,33,23714,Mendez Inc,0
91364,2025-01-27 06:28:44,65.85,GBP,WITHDRAWAL,PA,South Christinatown,53.897263,58.129509,220.203.59.169,Pacific/Tarawa,6744,7abadedb-f10a-4033-8357-e0ac0f8c2226,Tablet,Windows,6.2.6,"Mozilla/5.0 (Linux; Android 4.4.1) AppleWebKit/533.0 (KHTML, like Gecko) Chrome/26.0.869.0 Safari/533.0",149.94,2,59.9,0,0,0,0,41,14292,Davis-Morales,0
83184,2025-01-16 11:13:16,277.89,JPY,WITHDRAWAL,HT,North Gregory,,,192.12.182.83,Indian/Mauritius,4991,72d676f1-dc14-4fe6-bcae-6c0a35df6705,Mobile,iOS,1.3.2,Opera/9.93.(X11; Linux x86_64; ka-GE) Presto/2.9.183 Version/12.00,,5,148.8,4,0,0,0,28,92753,"Cohen, Wolf and Stevens",0
38485,2025-01-25 12:37:38,44.33,JPY,TRANSFER,GM,North Darlene,48.997178,,98.220.138.110,Africa/Douala,26134,dff588b9-d667-470c-9fe4-56643ff1a9ea,Mobile,Android,3.1.2,"Mozilla/5.0 (iPod; U; CPU iPhone OS 3_2 like Mac OS X; gez-ET) AppleWebKit/532.33.5 (KHTML, like Gecko) Version/4.0.5 Mobile/8B119 Safari/6532.33.5",234.69,4,147.5,2,0,0,0,32,71214,Howe-Moore,0
87956,2025-03-03 11:22:15,3.88,USD,WITHDRAWAL,LI,Loribury,21.909310,-98.155233,136.240.108.166,America/Asuncion,49345,e10430f7-9231-43bd-8425-c1b0fd88f314,Mobile,Android,5.1.5,"Mozilla/5.0 (Macintosh; U; PPC Mac OS X 10_12_4) AppleWebKit/531.1 (KHTML, like Gecko) Chrome/26.0.834.0 Safari/531.1",118.83,3,159.0,4,0,0,0,27,26294,Campos and Sons,0
90187,2025-03-08 20:39:00,55.31,GBP,TRANSFER,SO,Bowenbury,85.053161,51.774488,164.52.199.213,Asia/Tehran,7466,0cc51f74-b2a3-4399-8bd4-a2fd486b8beb,Tablet,iOS,4.0.4,Opera/8.54.(Windows NT 6.2; tk-TM) Presto/2.9.175 Version/11.00,180.71,5,68.2,2,1,1,0,44,80283,"Santos, Carson and Rogers",0
36556,2025-01-29 16:51:45,0.83,GBP,TRANSFER,LB,West Levitown,-8.289663,-179.483947,214.148.230.56,America/Panama,20628,0dcec1a4-4e2e-4506-ae05-b8d1c5552031,Desktop,iOS,4.1.8,"Mozilla/5.0 (Windows; U; Windows NT 6.1) AppleWebKit/531.18.6 (KHTML, like Gecko) Version/4.0.1 Safari/531.18.6",192.71,9,17.8,3,0,0,0,28,31706,"Kane, Watson and Burch",0
13565,2025-02-05 01:08:56,496.78,GBP,PURCHASE,IN,Julieshire,27.856494,-20.707644,208.132.119.71,Asia/Kabul,22978,1a153962-c10f-4de5-bc58-6e53ec9dc3e4,Mobile,macOS,4.7.0,"Mozilla/5.0 (iPod; U; CPU iPhone OS 4_3 like Mac OS X; ti-ET) AppleWebKit/532.8.5 (KHTML, like Gecko) Version/4.0.5 Mobile/8B111 Safari/6532.8.5",132.21,5,128.0,1,0,0,1,64,47932,"Tucker, Moore and Prince",1
25439,2025-02-05 18:38:14,30.85,EUR,PURCHASE,SI,Morrisfurt,70.715892,-38.275141,201.111.107.229,Asia/Pyongyang,48847,85154ff1-d7e3-4598-9f4c-3da7a106b9bf,Tablet,Windows,6.6.0,Opera/9.91.(Windows NT 10.0; fy-NL) Presto/2.9.184 Version/10.00,214.43,2,16.0,3,1,0,0,19,96898,"Schwartz, Horton and Johnson",0
152524,2025-03-16 13:54:07,118.21,USD,WITHDRAWAL,SB,East Joshuaport,71.146130,-84.232259,152.0.155.2,Africa/Malabo,18328,d62a7ef1-d893-4d5a-aafe-5f72e22ed55c,Mobile,iOS,5.8.5,"Mozilla/5.0 (X11; Linux x86_64) AppleWebKit/535.0 (KHTML, like Gecko) Chrome/45.0.876.0 Safari/535.0",185.04,4,44.7,1,0,0,0,44,76583,Garrett LLC,0
9622,2025-01-25 18:40:35,12.2,JPY,TRANSFER,BW,East Omarfurt,-75.536147,,208.40.244.70,Africa/Mogadishu,17270,2c44dca8-3c7e-4cb4-83e7-e35f9f410c97,Mobile,Windows,4.5.9,Mozilla/5.0 (compatible; MSIE 6.0; Windows 98; Trident/3.0),213.92,4,119.8,4,1,0,0,26,25136,Flores LLC,0
82012,2025-03-04 06:04:12,10.56,USD,WITHDRAWAL,AM,West Edward,77.902827,-135.508519,17.139.29.111,Pacific/Easter,49852,539be371-78c5-4c79-9116-1d91f24489ec,Mobile,macOS,1.0.4,Mozilla/5.0 (compatible; MSIE 7.0; Windows NT 11.0; Trident/3.1),263.06,6,122.0,3,0,1,1,29,90151,Ramirez-Pope,0
111192,2025-03-11 15:44:20,2.36,EUR,PURCHASE,LT,Nealtown,3.167139,164.890139,90.30.87.110,America/Araguaina,11837,a25131dc-edf7-41c4-a332-ff56b99b36d4,Tablet,Windows,1.3.6,Opera/8.68.(Windows NT 10.0; ur-IN) Presto/2.9.160 Version/11.00,,2,103.7,4,0,0,0,35,62274,"Shaw, Long and Hopkins",0
117638,2025-01-31 00:17:37,31.7,JPY,TRANSFER,PG,Watsonborough,25.106479,14.416414,197.199.212.81,Asia/Taipei,23741,66af5ef7-83e1-431d-b46d-db7320de44a3,Tablet,macOS,6.5.5,Mozilla/5.0 (Windows NT 10.0; mai-IN; rv:1.9.1.20) Gecko/3446-07-31 20:09:16 Firefox/3.8,282.09,4,114.4,5,0,0,0,29,19556,Bishop and Sons,0
97040,2025-03-10 02:14:02,44.42,USD,WITHDRAWAL,MW,Wattsborough,56.891228,-153.580688,90.65.147.112,Europe/Zurich,27899,9955ac8d-7eaf-477d-b44d-5d0fe1c5fe66,Mobile,Linux,4.8.8,"Mozilla/5.0 (Windows 95) AppleWebKit/531.2 (KHTML, like Gecko) Chrome/62.0.891.0 Safari/531.2",198.33,8,65.3,1,0,0,0,45,69012,Rodriguez-Martin,0
128456,2025-01-20 16:20:16,5.48,USD,PURCHASE,QA,Lewisburgh,,-127.951305,211.125.146.188,Europe/Helsinki,43692,cf0c7b24-55db-4daa-b82f-f71077a6b1de,Tablet,iOS,2.8.5,Opera/8.78.(X11; Linux x86_64; ko-KR) Presto/2.9.180 Version/12.00,375.24,4,84.4,5,0,0,0,29,94656,Simmons Group,0
62054,2025-03-03 14:00:27,27.56,GBP,PURCHASE,ST,Thomashaven,0.662707,165.375117,157.68.177.209,Africa/Niamey,36359,f1cfcb0b-1433-4f8f-9766-88c1e612d755,Mobile,Windows,4.3.0,Mozilla/5.0 (compatible; MSIE 6.0; Windows NT 6.2; Trident/4.1),87.44,2,84.3,4,0,1,0,36,1368,"Meyer, Neal and Daniel",0
136999,2025-01-29 00:00:50,43.69,GBP,WITHDRAWAL,BH,North Brandonberg,-63.593706,,8.52.7.47,Asia/Amman,21380,01ed63d5-ef3e-4a54-90e9-80a97ab96ba3,Tablet,Android,5.2.2,Mozilla/5.0 (compatible; MSIE 6.0; Windows NT 6.2; Trident/3.0),304.48,7,101.9,4,0,0,0,39,76413,"Holland, Logan and Garcia",0
183717,2025-02-14 16:52:38,62.63,JPY,TRANSFER,CO,Port Sarah,16.222744,171.130261,205.90.10.73,Europe/Berlin,40267,104cba67-1bde-4f1d-bcbf-9885fc77c6cd,Mobile,Windows,4.3.5,Mozilla/5.0 (Android 6.0.1; Mobile; rv:36.0) Gecko/36.0 Firefox/36.0,65.18,6,161.0,4,1,0,0,44,84898,Norris-Thompson,0
112238,2025-02-14 17:43:15,101.41,GBP,PURCHASE,MT,Lake Jasmine,-53.822454,109.230276,150.91.90.188,America/St_Kitts,47802,f77d7821-352f-4e1f-b562-df50ba1a7836,Mobile,macOS,1.0.2,Mozilla/5.0 (compatible; MSIE 5.0; Windows NT 5.2; Trident/4.1),428.06,9,165.2,1,0,0,0,34,84759,Moore-Fletcher,0
68267,2025-01-24 10:49:10,56.02,GBP,PURCHASE,AG,Kaylaside,,-32.857733,29.94.10.246,Asia/Bangkok,14810,9a9a5951-0ec2-42dc-a1c5-61101de5933f,Desktop,Linux,1.6.6,Mozilla/5.0 (compatible; MSIE 9.0; Windows NT 10.0; Trident/4.0),56.84,7,42.5,0,0,0,0,27,43052,Deleon Group,0
123809,2025-03-18 14:58:36,13.65,USD,PURCHASE,ML,West Charles,28.806690,,204.75.23.48,Asia/Amman,47158,62952b8d-7557-4a1b-af9c-9a8e389b4519,Tablet,Windows,5.5.4,Mozilla/5.0 (X11; Linux i686; rv:1.9.6.20) Gecko/5552-09-09 18:16:30 Firefox/8.0,278.69,1,11.5,0,0,0,0,27,44441,"Jones, Mcknight and Goodman",0
51949,2025-01-17 06:10:52,17.2,GBP,TRANSFER,KI,Barbaratown,36.853300,-22.966080,87.19.65.132,America/Guatemala,11095,392c0c69-1545-47f0-a38a-e4965b05ad19,Desktop,Windows,5.2.7,"Mozilla/5.0 (iPod; U; CPU iPhone OS 3_3 like Mac OS X; ig-NG) AppleWebKit/534.39.1 (KHTML, like Gecko) Version/3.0.5 Mobile/8B115 Safari/6534.39.1",,7,43.2,2,0,0,0,32,22907,Cooper-Mccall,0
107345,2025-02-01 22:45:07,5.86,JPY,PURCHASE,LC,East Amber,-65.569224,59.973326,173.111.214.163,Africa/Addis_Ababa,36108,d165a19d-f82d-4015-a78e-3b9102c8c728,Tablet,Android,4.1.8,"Mozilla/5.0 (Macintosh; Intel Mac OS X 10_7_4 rv:4.0; gd-GB) AppleWebKit/535.18.1 (KHTML, like Gecko) Version/5.0.5 Safari/535.18.1",133.93,5,51.2,2,0,0,0,27,89077,"Norton, Campos and Bartlett",0
24646,2025-02-09 01:05:05,19.34,GBP,TRANSFER,JP,New Jodyport,-34.283328,-9.408396,148.15.215.1,Africa/Douala,10313,b3113676-ddeb-4b71-bbbc-9742708491a9,Mobile,Android,3.9.4,"Mozilla/5.0 (Windows; U; Windows NT 11.0) AppleWebKit/531.41.5 (KHTML, like Gecko) Version/4.0.2 Safari/531.41.5",277.49,3,35.9,0,0,0,0,34,59395,Cook PLC,0
115292,2025-02-04 17:38:21,37.42,JPY,WITHDRAWAL,SR,South Charles,-69.070616,8.576774,205.63.133.58,Africa/Libreville,27176,6eb6a462-03fb-4c97-b0ef-afca4c7861ad,Mobile,macOS,1.6.9,Mozilla/5.0 (compatible; MSIE 7.0; Windows NT 6.1; Trident/5.0),261.86,2,54.8,4,1,0,0,28,87574,Mason-Wilson,0
78697,2025-01-18 04:19:50,51.55,GBP,TRANSFER,GN,Smithton,52.110620,147.501565,109.210.224.127,America/Grenada,38252,08411daf-15f7-4033-98e5-1617d6a8b1dc,Tablet,Windows,6.5.1,Opera/9.87.(Windows NT 5.1; ru-UA) Presto/2.9.167 Version/12.00,173.66,8,167.1,1,0,0,0,28,76002,Callahan-Haney,0
81514,2025-02-06 16:40:23,555.82,USD,WITHDRAWAL,SZ,Amandastad,49.873682,,196.155.233.116,America/Port_of_Spain,29779,a913e46c-8d59-40e6-a18d-e6ed3690d117,Mobile,Android,6.6.0,"Mozilla/5.0 (iPod; U; CPU iPhone OS 4_0 like Mac OS X; gv-GB) AppleWebKit/535.11.5 (KHTML, like Gecko) Version/3.0.5 Mobile/8B111 Safari/6535.11.5",240.71,4,72.4,4,1,0,0,82,69357,Ellis-Richardson,1
57747,2025-02-13 13:59:30,23.8,EUR,WITHDRAWAL,IE,Jenniferport,6.268040,114.147259,191.189.21.114,America/Bogota,261,e5d45adb-9377-4bfe-be42-7ac2df25c3c8,Desktop,Windows,6.5.2,Mozilla/5.0 (Windows CE; ce-RU; rv:1.9.1.20) Gecko/9187-08-16 09:27:14 Firefox/6.0,286.77,3,62.2,1,0,0,0,26,39790,"Christensen, Li and Smith",0
159310,2025-03-03 18:17:48,40.15,EUR,PURCHASE,NP,Kevinland,-10.382741,164.829304,2.58.168.253,Africa/Brazzaville,43775,726d2a01-1e15-40df-977e-2f7bd50df1af,Tablet,macOS,3.8.7,"Mozilla/5.0 (Macintosh; U; Intel Mac OS X 10_6_9 rv:6.0; cy-GB) AppleWebKit/531.33.3 (KHTML, like Gecko) Version/4.0.3 Safari/531.33.3",221.39,4,125.2,5,1,0,1,22,54971,Smith LLC,0
41023,2025-02-04 22:20:54,123.06,JPY,PURCHASE,GE,Douglasville,,26.281145,211.65.66.206,Pacific/Fiji,47261,71fdecb8-cfee-4729-9e33-c9a17ecb9e26,Tablet,Linux,6.4.8,"Mozilla/5.0 (X11; Linux x86_64) AppleWebKit/535.1 (KHTML, like Gecko) Chrome/37.0.873.0 Safari/535.1",,3,13.2,0,0,0,0,35,72118,"Ellison, Vazquez and Freeman",0
27063,2025-02-16 00:10:17,34.79,USD,WITHDRAWAL,LU,Wrightburgh,61.021018,56.132436,33.73.49.31,Europe/Uzhgorod,3432,af084919-d5f0-4992-a540-b0f3b4ab5f4f,Tablet,Android,5.7.1,"Mozilla/5.0 (Windows; U; Windows NT 11.0) AppleWebKit/533.11.2 (KHTML, like Gecko) Version/5.0 Safari/533.11.2",82.3,4,89.5,4,0,0,0,53,5415,"Bass, Horton and Green",0
107695,2025-03-04 07:25:31,16.58,EUR,PURCHASE,FI,North Johnside,46.359407,26.259715,202.149.22.168,Asia/Phnom_Penh,2985,be79fdae-887e-4014-8059-86ccf213f188,Desktop,iOS,2.7.9,Opera/8.60.(Windows CE; it-CH) Presto/2.9.164 Version/10.00,322.95,2,111.9,2,0,0,0,18,55381,Torres-Davis,0
190442,2025-03-06 06:23:02,0.77,EUR,WITHDRAWAL,ZM,Cassandrafort,61.992912,-93.878361,212.107.142.28,Africa/Douala,44884,f2fc7925-a11a-40fb-be83-25f7b704a84f,Desktop,Windows,1.3.0,"Mozilla/5.0 (iPad; CPU iPad OS 3_1_3 like Mac OS X) AppleWebKit/534.2 (KHTML, like Gecko) CriOS/22.0.823.0 Mobile/58L981 Safari/534.2",202.6,5,20.4,1,0,0,0,30,45056,Mcgee Group,0
134283,2025-03-01 17:51:25,15.82,GBP,PURCHASE,FR,Port Aimeechester,-31.217371,-177.047262,129.196.31.228,Africa/Bangui,23550,4c7fd47b-5860-4b8b-8702-e82d1bbb2989,Mobile,Linux,6.4.6,Mozilla/5.0 (X11; Linux x86_64; rv:1.9.7.20) Gecko/8955-05-20 06:06:52 Firefox/3.8,208.04,7,159.8,2,0,0,0,19,7019,"Brooks, Meyer and Parsons",0
70784,2025-02-18 03:53:03,22.36,USD,WITHDRAWAL,TR,South Joanne,,114.726803,221.198.235.18,Asia/Dubai,17645,8572030f-a31b-4c23-9711-c5e9b2b68305,Desktop,Android,6.7.8,Mozilla/5.0 (compatible; MSIE 8.0; Windows NT 10.0; Trident/5.0),301.55,3,133.9,1,1,0,1,19,89882,"Beck, Dodson and Owens",0
120735,2025-02-26 21:28:41,17.8,USD,WITHDRAWAL,PE,Perezmouth,9.213938,118.859719,201.121.71.73,Africa/Kigali,31918,ed5cd879-7e00-47da-b1b9-5280a894ff83,Mobile,Windows,6.4.7,Mozilla/5.0 (compatible; MSIE 9.0; Windows CE; Trident/3.1),188.67,3,7.3,5,1,0,0,48,22152,Steele-Brown,0
126813,2025-02-07 13:11:06,42.65,JPY,TRANSFER,IS,West Nicolechester,-58.953472,103.872766,147.52.62.119,Africa/Maputo,37311,e7376559-ccdd-413e-bcc5-e2f63da27c30,Mobile,macOS,3.5.5,Opera/8.84.(Windows 98; shs-CA) Presto/2.9.168 Version/11.00,301.37,5,89.2,2,0,0,0,16,30975,Mcdowell Ltd,0
92600,2025-03-14 00:59:05,14.68,JPY,WITHDRAWAL,NL,South Stephen,-57.664974,-172.198095,159.43.245.186,Asia/Tokyo,24877,932a3443-761c-41df-9d1d-ac3ded96e8f4,Mobile,Windows,4.8.5,Opera/8.80.(Windows 98; szl-PL) Presto/2.9.160 Version/10.00,335.85,2,24.5,0,1,1,0,43,73117,Brown-Berry,0
65034,2025-02-06 01:04:03,61.55,EUR,PURCHASE,SV,Howardmouth,,-20.234729,158.185.33.65,America/Asuncion,30933,,Desktop,Android,2.5.0,Mozilla/5.0 (X11; Linux x86_64; rv:1.9.7.20) Gecko/2364-08-29 04:21:49 Firefox/3.8,177.65,7,10.5,0,0,0,0,40,26720,"Brown, Green and Gibson",0
124837,2025-01-27 02:33:51,2.18,EUR,TRANSFER,OM,West Steven,23.855360,76.350198,216.91.50.226,Asia/Tehran,5902,3026754b-0d5f-4a81-8efe-2d4b6b82180b,Mobile,iOS,5.3.6,"Mozilla/5.0 (Windows NT 5.1) AppleWebKit/533.0 (KHTML, like Gecko) Chrome/16.0.875.0 Safari/533.0",314.49,6,76.6,4,0,0,1,38,19842,Williams Group,0
199936,2025-01-19 01:41:12,3.23,EUR,PURCHASE,LB,Romeroton,46.429049,-154.984285,29.127.77.153,Africa/Lusaka,7562,06312886-e59d-48f5-9ae6-d1edba085b9c,Mobile,Windows,6.2.3,"Mozilla/5.0 (iPod; U; CPU iPhone OS 3_0 like Mac OS X; tt-RU) AppleWebKit/532.21.7 (KHTML, like Gecko) Version/4.0.5 Mobile/8B114 Safari/6532.21.7",303.56,4,36.0,4,0,0,0,16,59434,"Hoffman, Brown and Holmes",0
2809,2025-01-05 03:49:45,77.93,EUR,TRANSFER,GN,Waynemouth,40.513748,,100.147.236.22,Asia/Jayapura,24335,2c1579e3-f9aa-49db-aa8c-0277d83ef3c4,Tablet,Android,4.0.7,Mozilla/5.0 (Android 2.3.6; Mobile; rv:14.0) Gecko/14.0 Firefox/14.0,220.56,5,4.0,0,0,0,0,35,58239,Mendoza and Sons,0
63448,2025-01-06 16:20:05,29.37,EUR,WITHDRAWAL,GY,East Sherry,0.566824,-106.887009,187.48.104.37,Africa/Banjul,16210,4aacc543-580e-4706-8cbb-d1976cf938bc,Desktop,macOS,1.5.0,Opera/8.78.(Windows NT 5.01; ug-CN) Presto/2.9.168 Version/10.00,143.65,2,97.8,2,0,0,0,22,48948,"Fields, Sims and Brown",0
67002,2025-01-20 08:02:12,0.31,JPY,WITHDRAWAL,FI,Mirandaview,-47.949978,79.754685,200.49.73.199,Asia/Aden,19380,be6b61c2-7daa-4b2e-8eb8-256a45ee5d75,Mobile,iOS,5.1.2,Mozilla/5.0 (compatible; MSIE 7.0; Windows NT 5.0; Trident/5.0),228.25,1,107.8,5,0,0,0,51,1294,"Green, Ward and Swanson",0
135537,2025-03-12 23:55:06,0.56,JPY,TRANSFER,BN,Amandafurt,-70.258841,5.878435,207.11.181.103,Pacific/Nauru,9602,28bc1188-2a53-436c-a45f-936ab12603cd,Desktop,Windows,1.1.2,Opera/8.61.(X11; Linux i686; ar-PS) Presto/2.9.189 Version/11.00,169.12,6,151.2,0,1,0,1,32,58409,Lucas-Garrett,0
129176,2025-03-08 13:23:17,17.56,GBP,TRANSFER,US,South Jessicashire,24.884788,,174.157.91.199,Asia/Muscat,49148,9311fd98-bf91-45a4-bf21-1513931e8f89,Tablet,iOS,5.8.4,"Mozilla/5.0 (iPhone; CPU iPhone OS 17_1_2 like Mac OS X) AppleWebKit/534.2 (KHTML, like Gecko) FxiOS/18.1n5796.0 Mobile/74H519 Safari/534.2",270.73,0,133.9,3,0,0,0,34,58062,Clark Group,0
145957,2025-01-06 09:16:39,51.36,JPY,PURCHASE,ID,South Kristopherstad,57.390534,121.318077,72.180.135.244,Asia/Damascus,43461,68fcb1d7-3e33-43f9-a90b-58ad87a00fcc,Tablet,macOS,3.0.3,Mozilla/5.0 (compatible; MSIE 6.0; Windows NT 11.0; Trident/3.1),,6,11.6,4,1,0,0,8,42827,Smith Inc,0
155269,2025-03-22 11:17:08,25.86,JPY,WITHDRAWAL,DM,New Stephanie,36.452037,155.566689,201.27.138.40,America/St_Vincent,47689,237c4f3b-cda8-4e5b-a5e9-210f7ca9c30b,Mobile,Linux,3.6.5,Mozilla/5.0 (compatible; MSIE 9.0; Windows NT 6.1; Trident/5.1),229.22,6,38.8,1,0,1,0,25,61911,Cardenas LLC,0
76373,2025-01-18 18:22:02,8.58,GBP,TRANSFER,MD,Lake Josetown,-50.737442,84.773287,221.60.62.212,Asia/Urumqi,36091,3ab2fe0b-1b51-47e7-a09b-6211797633fe,Tablet,iOS,4.8.5,Opera/9.95.(Windows NT 6.1; ce-RU) Presto/2.9.189 Version/11.00,217.88,1,150.8,5,0,0,0,37,17843,Flowers LLC,0
158975,2025-01-11 13:06:28,83.67,USD,WITHDRAWAL,EE,New Ashleystad,-58.422020,-103.129547,209.164.143.35,Africa/Ouagadougou,36216,69b62f65-9079-4bae-82d3-aa17c60881d0,Mobile,iOS,4.5.9,"Mozilla/5.0 (Windows; U; Windows NT 5.2) AppleWebKit/534.3.2 (KHTML, like Gecko) Version/4.1 Safari/534.3.2",300.16,4,99.3,3,0,0,0,34,83897,Peterson-Lopez,0
199783,2025-02-28 15:26:25,37.41,USD,TRANSFER,BZ,Alexanderland,30.250400,150.072806,202.50.163.170,Asia/Aden,30246,7e443ce0-4f92-4f41-bb6f-adbeb999c139,Mobile,Linux,2.6.3,"Mozilla/5.0 (Macintosh; Intel Mac OS X 10_8_5) AppleWebKit/533.2 (KHTML, like Gecko) Chrome/61.0.851.0 Safari/533.2",270.62,6,31.6,3,0,0,1,29,90501,Johnson Group,0
117968,2025-02-19 21:04:21,15.31,USD,WITHDRAWAL,LR,Port Jessicaside,,-128.626029,190.185.254.29,Africa/Monrovia,35193,93ec1045-d5db-4aca-befc-6ae12b567a6b,Desktop,Linux,4.5.9,Opera/9.71.(X11; Linux x86_64; kl-GL) Presto/2.9.165 Version/10.00,265.03,4,22.4,2,0,1,0,25,33680,Rodgers-Adams,0
191208,2025-01-23 02:37:07,82.44,GBP,TRANSFER,SI,Port Zacharyland,-51.796263,101.841431,166.52.188.67,Africa/Khartoum,10583,4021f266-0cff-4d42-9155-637e08eaa2a9,Desktop,Android,6.9.2,Mozilla/5.0 (Macintosh; U; Intel Mac OS X 10_8_9; rv:1.9.3.20) Gecko/6542-05-21 09:04:04 Firefox/10.0,89.15,4,76.4,3,0,0,0,26,24212,Graves-Jefferson,0
71754,2025-03-14 23:22:16,77.97,GBP,PURCHASE,AD,West Heather,36.733326,-60.883808,201.63.131.213,Europe/Monaco,8056,16a46081-443c-4379-80ce-580b5f26925a,Tablet,Windows,1.5.8,Opera/9.89.(Windows 95; ss-ZA) Presto/2.9.167 Version/11.00,98.92,3,144.5,1,0,0,0,24,51962,"Rubio, Mcneil and Allen",0
176804,2025-01-08 20:09:50,100.41,EUR,TRANSFER,CD,West Roger,-51.592424,-54.254220,172.166.202.101,Asia/Qatar,25773,8c6d47fe-b59a-42f0-b057-da1ca63a8177,Desktop,macOS,5.1.0,"Mozilla/5.0 (Macintosh; U; PPC Mac OS X 10_10_6) AppleWebKit/531.0 (KHTML, like Gecko) Chrome/42.0.848.0 Safari/531.0",163.22,2,66.7,0,0,0,0,22,27156,Logan-Parsons,0
31689,2025-02-18 04:12:36,82.86,JPY,WITHDRAWAL,PA,Petersonburgh,39.276326,-144.694450,176.88.167.216,Europe/Warsaw,26107,,Desktop,macOS,6.0.9,Opera/8.67.(Windows NT 5.01; kk-KZ) Presto/2.9.169 Version/10.00,386.78,5,112.4,3,0,0,0,26,45941,Wells Group,0
114975,2025-03-05 13:19:39,34.05,EUR,TRANSFER,KW,Port Evelyn,73.940718,109.771229,220.238.142.153,America/Paramaribo,15866,1093d6c5-7d06-4026-88ac-223c0f2cdc8a,Tablet,Android,2.0.0,"Mozilla/5.0 (Windows NT 5.0) AppleWebKit/533.1 (KHTML, like Gecko) Chrome/62.0.864.0 Safari/533.1",185.02,5,137.2,5,0,0,1,24,65479,Zuniga LLC,0
127137,2025-01-26 14:33:08,69.67,JPY,PURCHASE,MD,Powellville,-17.227912,-146.728465,66.101.33.145,Europe/Vatican,18307,ef426cf3-5e53-45de-850e-eed6fbe0d3fb,Mobile,iOS,6.8.4,Mozilla/5.0 (Android 4.0; Mobile; rv:24.0) Gecko/24.0 Firefox/24.0,229.09,5,115.6,1,0,0,0,33,6279,"Anderson, Melton and Swanson",0
126332,2025-03-22 16:38:06,23.56,EUR,TRANSFER,CG,Raymondbury,44.095271,,95.21.14.174,Africa/Ndjamena,29494,e089fd49-4cf1-4fee-a83d-8a07cab0b854,Mobile,iOS,2.7.0,"Mozilla/5.0 (Linux; Android 6.0) AppleWebKit/532.0 (KHTML, like Gecko) Chrome/29.0.847.0 Safari/532.0",331.19,7,6.5,5,1,0,0,31,39732,Williams PLC,0
170625,2025-03-11 04:29:42,14.47,JPY,WITHDRAWAL,AO,Hintonton,-12.665648,52.467750,203.50.2.171,Asia/Kuwait,40488,717522bc-b588-4d03-be8f-5e0eb674b38b,Tablet,iOS,1.9.0,"Mozilla/5.0 (iPhone; CPU iPhone OS 13_5_1 like Mac OS X) AppleWebKit/534.1 (KHTML, like Gecko) FxiOS/13.0v5757.0 Mobile/47J825 Safari/534.1",314.65,2,134.4,5,0,0,0,34,16793,"Williamson, Moore and Gonzales",0
45976,2025-01-10 21:52:26,44.93,JPY,WITHDRAWAL,SC,Salasfort,72.670150,92.510819,148.39.141.87,Asia/Dushanbe,44942,d8eedcf5-35c9-4436-a944-2c66bda04dbf,Desktop,macOS,1.8.3,Mozilla/5.0 (compatible; MSIE 9.0; Windows NT 5.01; Trident/3.0),148.37,5,98.8,3,1,0,0,32,13839,"Smith, Gibson and Kennedy",0
132377,2025-03-13 16:38:49,9.36,USD,WITHDRAWAL,SR,Tylerfort,-44.226622,162.774533,57.0.71.53,Africa/Kampala,20717,61cd6fd6-0452-4612-8da1-24be3bd5445a,Desktop,Linux,4.5.8,"Mozilla/5.0 (X11; Linux x86_64) AppleWebKit/535.1 (KHTML, like Gecko) Chrome/45.0.886.0 Safari/535.1",98.98,8,17.2,5,1,1,0,35,67948,"Glass, Taylor and Castro",0
172297,2025-03-11 00:44:05,1.81,JPY,PURCHASE,RS,Benjaminport,54.096981,-96.804521,222.178.21.58,Europe/San_Marino,22549,b6220605-e423-4bcc-b013-1b98320b9016,Tablet,Windows,1.4.9,Opera/8.53.(X11; Linux x86_64; sl-SI) Presto/2.9.181 Version/11.00,177.22,3,10.3,3,0,0,0,38,41490,Joyce-Adams,0
129158,2025-03-11 23:27:02,15.84,EUR,TRANSFER,WS,Wilsontown,-89.668849,-112.450270,219.143.174.189,America/Guyana,40060,a6adb59e-a2b0-4db5-97fd-85f16eba1073,Desktop,Windows,4.8.0,Mozilla/5.0 (compatible; MSIE 7.0; Windows NT 6.0; Trident/5.0),115.06,6,145.7,1,0,0,0,35,52844,Koch PLC,0
54280,2025-03-03 06:31:33,5.22,GBP,WITHDRAWAL,BJ,East Amyville,46.251350,158.354318,106.78.29.37,Europe/Lisbon,11673,4f8f364d-00a4-47fe-8122-11e4dc5b0981,Mobile,Windows,3.8.8,Opera/9.95.(Windows NT 5.1; niu-NU) Presto/2.9.174 Version/11.00,131.65,1,31.2,4,0,0,0,25,26421,Bender LLC,0
25190,2025-01-07 08:36:40,40.24,EUR,PURCHASE,MT,Allenton,-30.056123,55.452548,128.106.138.122,America/Antigua,43940,17c45972-6f81-4ab4-a47e-d7dc1c35c508,Desktop,iOS,5.8.3,"Mozilla/5.0 (Windows; U; Windows 98) AppleWebKit/532.23.7 (KHTML, like Gecko) Version/4.0 Safari/532.23.7",237.46,4,90.8,3,0,0,0,27,58961,"Hawkins, Spencer and Mathews",0
90716,2025-02-25 22:41:52,13.59,JPY,PURCHASE,PH,Thomastown,82.203337,-145.140955,141.68.63.170,Africa/Djibouti,24636,b153f8e7-e2e2-48db-9f48-c107f7ecd9cd,Mobile,iOS,6.4.5,"Mozilla/5.0 (Windows CE) AppleWebKit/532.1 (KHTML, like Gecko) Chrome/61.0.825.0 Safari/532.1",254.05,3,44.2,4,0,0,0,39,71534,Wood-Stafford,0
143291,2025-01-10 03:10:02,24.8,GBP,TRANSFER,HN,North Samuelton,-31.501849,36.771462,203.80.239.1,Europe/Minsk,27704,ef90455d-8da2-446c-a3d1-df070de1b84a,Desktop,iOS,4.5.9,"Mozilla/5.0 (Windows NT 6.0) AppleWebKit/532.2 (KHTML, like Gecko) Chrome/45.0.878.0 Safari/532.2",200.76,5,98.3,4,0,0,0,33,30773,Morris Ltd,0
198781,2025-01-22 02:33:33,85.65,JPY,WITHDRAWAL,QA,West Brandiside,-16.714030,-139.798158,200.243.87.96,America/Guayaquil,18327,6ca1db00-b128-4ce1-bd15-191c606f154e,Desktop,macOS,1.1.5,"Mozilla/5.0 (iPod; U; CPU iPhone OS 3_2 like Mac OS X; mg-MG) AppleWebKit/535.37.2 (KHTML, like Gecko) Version/4.0.5 Mobile/8B115 Safari/6535.37.2",237.96,3,102.1,3,0,0,0,16,34082,Romero-Cox,0
64240,2025-02-23 20:46:54,162.06,GBP,PURCHASE,SG,Williamshaven,-83.718142,129.989553,187.132.205.187,Africa/Tunis,3896,99172094-190a-4b6e-be53-8fa147a56210,Desktop,Android,5.5.0,"Mozilla/5.0 (iPhone; CPU iPhone OS 13_5_1 like Mac OS X) AppleWebKit/532.0 (KHTML, like Gecko) FxiOS/14.9f4470.0 Mobile/08A029 Safari/532.0",139.62,2,150.0,3,1,0,0,39,95593,Stewart PLC,0
124531,2025-01-20 12:02:51,78.26,JPY,WITHDRAWAL,PW,Lake Matthew,6.593464,46.384635,168.147.83.46,Asia/Pyongyang,49156,c2e4f39a-2b10-4c34-8f89-021fc4440363,Desktop,Linux,2.1.4,Mozilla/5.0 (compatible; MSIE 7.0; Windows NT 5.2; Trident/3.1),245.67,3,43.0,2,0,0,0,37,40391,Young-Robinson,0
39508,2025-03-09 00:37:26,21.83,USD,WITHDRAWAL,SZ,South Davidbury,17.451454,-10.974729,12.49.169.15,Asia/Taipei,13570,,Desktop,Android,4.6.7,"Mozilla/5.0 (Windows 98; Win 9x 4.90) AppleWebKit/536.1 (KHTML, like Gecko) Chrome/13.0.826.0 Safari/536.1",235.7,4,33.4,5,0,0,0,23,24211,Norris-Vasquez,0
132865,2025-01-05 02:59:47,43.69,EUR,WITHDRAWAL,ZA,New Michaelton,8.681484,173.375271,117.147.182.52,Asia/Phnom_Penh,49523,a040543a-4b53-437b-b187-44c0a6873c98,Desktop,iOS,3.6.4,"Mozilla/5.0 (iPod; U; CPU iPhone OS 3_0 like Mac OS X; mhr-RU) AppleWebKit/532.6.6 (KHTML, like Gecko) Version/3.0.5 Mobile/8B112 Safari/6532.6.6",161.79,5,42.0,2,0,0,0,18,48064,Arnold-Hill,0
42344,2025-01-23 06:51:58,83.52,EUR,PURCHASE,CO,Krystalchester,89.669175,125.731011,181.240.254.127,Asia/Baku,46404,76c980f8-2aba-4593-bf34-7081e2ac7b70,Mobile,Windows,3.8.8,"Mozilla/5.0 (Linux; Android 7.1) AppleWebKit/532.0 (KHTML, like Gecko) Chrome/43.0.887.0 Safari/532.0",322.46,4,42.3,0,0,1,0,39,42383,"Ibarra, King and Cooper",0
192535,2025-02-17 20:15:16,15.32,GBP,WITHDRAWAL,MZ,West Bryanview,25.176323,31.267151,102.129.81.194,Europe/Bucharest,40890,ba576392-0a8f-4e98-83f0-43611bad8c67,Mobile,macOS,1.5.0,Opera/8.23.(Windows NT 6.2; shs-CA) Presto/2.9.184 Version/11.00,211.37,7,26.3,1,0,0,0,24,87313,"Adams, Matthews and Martinez",0
10063,2025-02-24 15:12:25,59.25,JPY,PURCHASE,PA,Collinsshire,-70.499622,-97.513774,74.187.72.146,Asia/Qatar,48827,06c717f0-f715-4e86-bbbd-ac28e0b82137,Mobile,Android,2.0.6,Mozilla/5.0 (Android 4.4; Mobile; rv:25.0) Gecko/25.0 Firefox/25.0,148.9,3,60.8,0,0,0,0,25,91582,"Simmons, Wright and Washington",0
182027,2025-02-12 02:40:28,59.46,JPY,PURCHASE,KH,Lake Gregorymouth,76.815348,-28.958012,172.77.212.184,Europe/Brussels,6231,4970d55f-1f5b-4881-9fa8-48ba49f33a2d,Desktop,Windows,3.7.8,Mozilla/5.0 (compatible; MSIE 7.0; Windows NT 6.0; Trident/3.0),333.43,6,107.2,3,0,0,0,26,70428,Gregory-Grant,0
98937,2025-01-03 18:37:14,1.2,USD,WITHDRAWAL,GD,East Kimberly,-73.741966,99.135357,145.85.78.140,Europe/Sarajevo,6315,8cc25582-bbf5-4cb2-8108-2e6fce4ef53a,Mobile,Windows,3.4.2,Mozilla/5.0 (compatible; MSIE 9.0; Windows NT 5.2; Trident/4.1),256.53,6,130.1,4,0,0,1,30,17754,Strickland Ltd,0
180792,2025-01-13 17:50:27,30.61,JPY,TRANSFER,AE,West Josephstad,56.171286,-87.672191,155.201.199.55,Africa/Lagos,26633,070e75ea-a864-43e6-83e2-8cd07616dea1,Tablet,Linux,1.6.3,Opera/8.64.(X11; Linux x86_64; an-ES) Presto/2.9.188 Version/10.00,178.16,7,26.0,1,0,0,0,29,55150,"Gibbs, Haynes and Wilson",0
2868,2025-03-07 03:17:38,16.08,USD,WITHDRAWAL,LI,Carolmouth,,44.842980,74.242.93.174,Asia/Choibalsan,10576,0983ca5a-c9cb-4592-9080-eb1d0746c1f2,Desktop,iOS,6.6.4,Mozilla/5.0 (Windows 98; sa-IN; rv:1.9.1.20) Gecko/3029-03-22 17:55:08 Firefox/3.6.1,286.55,7,166.9,1,0,1,0,42,18030,"Hall, Dudley and Anderson",0
24274,2025-02-13 22:53:05,206.58,GBP,WITHDRAWAL,HU,Lake James,,-157.322363,132.154.234.130,Asia/Qatar,36191,828d1f0a-b863-4323-8373-e778ff3d18d5,Desktop,macOS,2.3.7,Mozilla/5.0 (Windows NT 10.0; am-ET; rv:1.9.0.20) Gecko/2835-12-20 17:42:37 Firefox/6.0,249.59,6,49.2,0,0,0,0,19,22363,"Graham, Snow and Contreras",0
165981,2025-03-01 02:25:55,3.8,EUR,PURCHASE,SD,South Ginafurt,17.666552,52.632283,161.66.52.133,Asia/Riyadh,13405,b04e9bb0-8f88-46af-b804-b1e7e398f936,Desktop,macOS,5.9.3,"Mozilla/5.0 (Linux; Android 11) AppleWebKit/532.1 (KHTML, like Gecko) Chrome/23.0.846.0 Safari/532.1",149.21,8,101.9,4,0,0,0,21,1372,Walker-Serrano,0
12638,2025-02-14 02:18:30,1.41,GBP,TRANSFER,ZW,Keithside,-43.283500,42.240247,192.54.113.12,Africa/Addis_Ababa,24261,577b929f-7c56-4be6-97ad-2dc1f22f491e,Desktop,iOS,6.9.3,Opera/9.45.(Windows NT 11.0; pl-PL) Presto/2.9.177 Version/11.00,325.34,4,166.3,4,0,0,0,33,78207,"Spencer, Lindsey and Roman",0
9128,2025-01-12 08:52:07,56.41,JPY,WITHDRAWAL,NR,Kathrynport,-74.798079,-129.421072,211.228.241.160,Asia/Baku,18140,8a921d07-8e9b-4b2b-9cb4-a8894282b666,Mobile,Windows,4.5.5,Mozilla/5.0 (compatible; MSIE 9.0; Windows NT 5.0; Trident/3.1),296.24,6,34.7,0,0,0,0,34,47720,Freeman-Johnson,0
102632,2025-02-26 06:03:51,1.17,JPY,TRANSFER,PS,Jamestown,-31.984142,-33.021815,137.129.76.42,America/Paramaribo,26835,aa37852c-b9f8-4786-afc6-6c8d5fe263ab,Desktop,macOS,5.6.6,"Mozilla/5.0 (Macintosh; U; Intel Mac OS X 10_9_1) AppleWebKit/536.2 (KHTML, like Gecko) Chrome/34.0.872.0 Safari/536.2",177.75,3,55.6,1,0,0,1,31,49905,Daniel-Holmes,0
2678,2025-01-13 21:09:23,31.25,GBP,TRANSFER,MT,Cindyport,-14.547606,40.139245,212.231.10.98,Pacific/Easter,24177,7923e12b-f395-4ff5-81b3-958282da410e,Mobile,Windows,6.8.6,"Mozilla/5.0 (Windows; U; Windows 98) AppleWebKit/533.45.6 (KHTML, like Gecko) Version/5.0.4 Safari/533.45.6",,5,156.6,4,0,0,0,28,11495,"Nelson, Patton and Thompson",0
113450,2025-02-09 05:53:38,8.55,EUR,WITHDRAWAL,BY,Josestad,78.173660,157.747240,112.154.49.222,Africa/Casablanca,29723,fbc32880-f763-4594-80ce-0d946dbeb52e,Desktop,macOS,4.2.1,Mozilla/5.0 (compatible; MSIE 5.0; Windows CE; Trident/4.1),131.56,8,69.9,0,1,0,0,28,65696,Hall-Ramos,0
53190,2025-03-07 17:06:28,34.48,USD,TRANSFER,BS,Cooperview,-86.239312,172.264569,164.8.14.201,Asia/Saigon,27082,abeeaef2-571c-4a1e-b792-69f0e025a69f,Tablet,Windows,3.3.6,Opera/8.56.(Windows CE; the-NP) Presto/2.9.169 Version/12.00,152.38,2,97.1,4,0,0,1,24,38214,Walker-Hart,0
11817,2025-01-06 06:37:39,31.56,JPY,TRANSFER,BG,Stanleychester,69.223770,-141.763754,211.90.229.186,Europe/Kyiv,10283,05b64512-e93d-41b2-a2f9-d93da89cb905,Desktop,Linux,4.6.5,"Mozilla/5.0 (Macintosh; PPC Mac OS X 10_5_7 rv:5.0; br-FR) AppleWebKit/531.16.3 (KHTML, like Gecko) Version/4.0 Safari/531.16.3",113.91,6,162.9,5,0,0,1,23,72275,"Gonzalez, Jones and Townsend",0
69824,2025-03-03 22:43:13,4.04,USD,PURCHASE,US,Caseyview,-50.045024,-77.059257,147.111.44.203,America/Panama,20283,f4fe4c02-867f-47a0-bc71-0eba98fa3618,Tablet,macOS,4.5.7,"Mozilla/5.0 (Windows; U; Windows NT 4.0) AppleWebKit/535.4.4 (KHTML, like Gecko) Version/4.0.4 Safari/535.4.4",139.19,6,144.9,2,0,0,0,17,59368,Day Inc,0
114789,2025-02-02 05:58:34,49.53,EUR,WITHDRAWAL,IL,Victoriamouth,-8.444940,-31.616276,202.136.200.88,Europe/Skopje,15810,3650b595-501d-4823-8d73-1f9b00cc183a,Mobile,iOS,5.2.1,"Mozilla/5.0 (iPod; U; CPU iPhone OS 4_0 like Mac OS X; cv-RU) AppleWebKit/534.35.3 (KHTML, like Gecko) Version/3.0.5 Mobile/8B115 Safari/6534.35.3",241.36,2,61.8,1,0,0,0,36,26228,Ray-Rice,0
24093,2025-02-10 14:46:07,7.62,JPY,TRANSFER,KW,Lake Julia,-22.556204,70.569238,29.7.77.101,Asia/Nicosia,47419,eb1d9d3c-1b98-4a93-8bc8-28773d9554c5,Desktop,Android,3.5.1,Mozilla/5.0 (compatible; MSIE 5.0; Windows NT 5.1; Trident/4.1),171.25,5,124.7,1,0,0,1,21,90102,Brown-Bullock,0
23486,2025-02-28 23:17:35,6.05,EUR,WITHDRAWAL,KM,South Timothy,56.148547,-59.058320,44.243.212.151,Europe/Belgrade,31605,43deb4d2-edd2-4483-aae9-71aeb0b2cf1e,Desktop,Android,4.7.3,"Mozilla/5.0 (iPad; CPU iPad OS 12_4_8 like Mac OS X) AppleWebKit/536.0 (KHTML, like Gecko) FxiOS/16.1q3199.0 Mobile/23U158 Safari/536.0",144.55,2,148.4,3,0,0,0,43,3035,"Williams, Briggs and Gomez",0
59114,2025-01-29 01:01:52,128.16,JPY,WITHDRAWAL,FR,Rachaelborough,41.267260,69.513205,52.133.107.20,Europe/Podgorica,13758,51240771-4619-4cec-a82d-7ce16525e194,Tablet,macOS,5.6.0,Opera/9.28.(Windows NT 11.0; wa-BE) Presto/2.9.170 Version/12.00,177.53,5,133.2,2,0,0,0,45,19704,Ho PLC,0
87776,2025-02-26 18:31:57,76.09,USD,TRANSFER,CY,Barbarachester,,-45.816692,137.207.110.52,America/North_Dakota/Center,12912,3fa08cf5-bbec-471d-a658-52c8206ac054,Desktop,Android,4.4.0,"Mozilla/5.0 (X11; Linux i686) AppleWebKit/536.2 (KHTML, like Gecko) Chrome/29.0.820.0 Safari/536.2",200.07,8,152.5,2,0,0,0,40,86244,Mullen LLC,0
90909,2025-02-11 13:53:43,21.3,EUR,PURCHASE,BR,Robertberg,-88.060756,-131.462599,120.94.102.218,Asia/Manila,12627,91052e9f-76c4-48b9-a051-2c1b1fe284b3,Mobile,Android,2.3.6,Mozilla/5.0 (compatible; MSIE 5.0; Windows CE; Trident/4.0),220.52,3,139.0,5,1,0,0,30,81920,Patterson Group,0
